name,test,d-sep,i-sep,saving,dSepTime,iSepTime
Munin,"I(R_APB_NMT,L_MEDD2_DISP_WD,L_MEDD2_ALLCV_EW)",815,106,13.01,0.2552330493927002,0.16236209869384766
Munin,"I(R_LNLT1_APB_NEUR_ACT,L_LNLE_ULND5_SALOSS,R_LNL_DIFFN_APB_DE_REGEN)",5,1,20.00,0.003276824951171875,0.009173870086669922
Munin,"I(R_ULND5_LSLOW_WD,L_ADM_QUAL_MUPAMP,L_LNLLP_APB_DE_REGEN)",19,11,57.89,0.02880120277404785,0.03055882453918457
Munin,"I(R_LNLPC5_DIFFN_DELT_DENERV,R_ADM_NMT,R_APB_MUPINSTAB)",821,120,14.62,0.2693958282470703,0.16739988327026367
Munin,"I(L_AXIL_LAT_ED,L_DIFFN_APB_MALOSS,R_ULND5_BLOCK_E)",749,61,8.14,0.23263907432556152,0.11607098579406738
Munin,"I(R_MYOP_APB_DENERV,R_DIFFN_APB_NEUR_ACT,R_OTHER_ULND5_DIFSLOW)",7,1,14.29,0.007299900054931641,0.0040891170501708984
Munin,"I(L_MEDD2_AMPR_EW,L_DELT_MUPSATEL,L_MUSCLE_ADM_MUSIZE)",810,97,11.98,0.2732841968536377,0.14900898933410645
Munin,"I(R_LNLT1_APB_MUDENS,L_DELT_DENERV,L_LNLW_ADM_DE_REGEN)",6,1,16.67,0.021487951278686523,0.017843961715698242
Munin,"I(R_MUSCLE_DELT_MUSIZE,R_MYOP_MYDY_APB_MUSIZE,R_MEDD2_EFFAXLOSS)",26,8,30.77,0.01137685775756836,0.01594996452331543
Munin,"I(L_ULN_DIFSLOW_WA,L_APB_MUPSATEL,R_LNLT1_LP_APB_DENERV)",821,87,10.60,0.2747330665588379,0.12836790084838867
Munin,"I(L_APB_QUAN_MUPDUR,R_LNLC8_ADM_MUSIZE,R_LNLT1_LP_BE_APB_MUSIZE)",800,113,14.12,0.24965906143188477,0.15279102325439453
Munin,"I(L_ULND5_DIFSLOW_WD,R_ULND5_ALLCV_WD,R_LNLW_MEDD2_DISP_WD)",868,110,12.67,0.2826220989227295,0.12668895721435547
Munin,"I(R_ADM_QUAN_MUPDUR,L_MEDD2_DISP_WD,L_MYOP_ADM_DE_REGEN)",870,156,17.93,0.2782020568847656,0.19787192344665527
Munin,"I(R_ADM_NMT,R_LNLBE_MEDD2_SALOSS_EW,L_LNLC8_ADM_MALOSS)",781,72,9.22,0.2491161823272705,0.1346278190612793
Munin,"I(R_LNLLP_ADM_NEUR_ACT,L_APB_DENERV,R_SUR_BLOCK_CA)",6,1,16.67,0.021602153778076172,0.023375988006591797
Munin,"I(L_AXIL_BLOCK_ED,L_MED_AMP_WA,R_APB_MUPAMP)",875,227,25.94,0.3017239570617676,0.23478102684020996
Munin,"I(R_ULN_LD_EW,L_ULND5_AMPR_EW,L_OTHER_DELT_MUSIZE)",122,8,6.56,0.052351951599121094,0.027439117431640625
Munin,"I(L_MYAS_ADM_NMT,R_AXIL_LAT_ED,R_ULND5_AMP_WD)",30,1,3.33,0.018858909606933594,0.021190166473388672
Munin,"I(L_ULND5_DSLOW_EW,L_OTHER_ADM_MUSIZE,L_APB_MUPDUR)",773,81,10.48,0.2406148910522461,0.13177704811096191
Munin,"I(R_DIFFN_ULND5_BLOCK,R_MYAS_ADM_NMT,L_APB_SPONT_NEUR_DISCH)",709,19,2.68,0.21491193771362305,0.07551193237304688
Munin,"I(L_ULN_BLOCK_E,R_LNLT1_APB_DENERV,DIFFN_TYPE)",744,28,3.76,0.235731840133667,0.07695698738098145
Munin,"I(R_MEDD2_BLOCK_WD,R_ADM_SPONT_INS_ACT,L_MUSCLE_ADM_DENERV)",894,195,21.81,0.31491994857788086,0.22062397003173828
Munin,"I(L_DELT_REPSTIM_POST_DECR,L_OTHER_ULND5_SALOSS,R_LNLLP_ADM_DE_REGEN)",751,60,7.99,0.266948938369751,0.10130906105041504
Munin,"I(R_LNLE_ADM_DENERV,R_MYAS_DE_REGEN_ADM_NMT,R_DELT_QUAL_MUPAMP)",806,118,14.64,0.2634999752044678,0.1541450023651123
Munin,"I(R_MYOP_MYDY_DELT_DE_REGEN,R_ULN_DCV_EW,R_ULN_RDLDCV_E)",39,4,10.26,0.024333953857421875,0.016476154327392578
Munin,"I(L_LNLE_ULND5_BLOCK_E,L_LNLBE_MEDD2_DISP_EW,L_ADM_MUPAMP)",123,36,29.27,0.04452395439147949,0.05524587631225586
Munin,"I(R_LNLW_ULND5_LD_WD,R_ULN_AMPR_E,R_DIFFN_ULND5_BLOCK)",5,1,20.00,0.006393909454345703,0.010552167892456055
Munin,"I(L_APB_QUAN_MUPAMP,R_DIFFN_LNLW_APB_DE_REGEN,R_DIFFN_LNLW_APB_NEUR_ACT)",831,142,17.09,0.2776169776916504,0.17350006103515625
Munin,"I(R_LNLPC5_DIFFN_DELT_MUDENS,L_SUR_ALLCV_CA,R_DIFFN_LNL_ISCH_SALOSS)",766,81,10.57,0.2494661808013916,0.12233400344848633
Munin,"I(L_APB_REPSTIM_DECR,R_LNLLP_ADM_MUSIZE,L_MYOP_MYDY_APB_MUDENS)",766,64,8.36,0.2397141456604004,0.12705302238464355
Munin,"I(L_AXIL_BLOCK_ED,L_APB_QUAL_MUPPOLY,R_MED_ALLCV_EW)",838,162,19.33,0.2904479503631592,0.18872880935668945
Munin,"I(R_LNL_DIFFN_APB_DENERV,L_LNLW_ADM_DENERV,R_LNLE_ADM_NEUR_ACT)",747,35,4.69,0.24081110954284668,0.09831905364990234
Munin,"I(R_LNLE_ADM_DE_REGEN,L_ADM_REPSTIM_FACILI,L_DELT_MUDENS)",123,9,7.32,0.05257391929626465,0.03660893440246582
Munin,"I(L_MYDY_APB_MUDENS,R_DELT_MUSIZE,L_SUR_LD_CA)",5,1,20.00,0.010947942733764648,0.009479999542236328
Munin,"I(L_LNLE_ULND5_LD_E,R_ULND5_BLOCK_WD,R_DELT_SF_JITTER)",123,8,6.50,0.050293922424316406,0.0316619873046875
Munin,"I(R_OTHER_ADM_DENERV,R_LNLT1_APB_NEUR_ACT,L_OTHER_ULND5_DIFSLOW)",7,1,14.29,0.003887176513671875,0.0023288726806640625
Munin,"I(L_OTHER_ADM_DENERV,R_ULND5_AMPR_E,L_DELT_REPSTIM_CMAPAMP)",7,1,14.29,0.01572704315185547,0.04154205322265625
Munin,"I(R_LNLPC5_DIFFN_DELT_MALOSS,L_ADM_NEUR_ACT,L_SUR_LD_CA)",839,68,8.10,0.255450963973999,0.12169289588928223
Munin,"I(L_ULN_ALLDEL_WA,L_OTHER_DELT_MUSIZE,R_LNLT1_LP_BE_APB_MUDENS)",785,62,7.90,0.24701595306396484,0.11110401153564453
Munin,"I(R_APB_MUSIZE,R_MYDY_DELT_MUDENS,R_DIFFN_LNLW_ADM_MALOSS)",753,45,5.98,0.24176979064941406,0.10881686210632324
Munin,"I(R_ADM_MUSIZE,R_MED_LAT_WA,L_ULND5_DIFSLOW_EW)",855,128,14.97,0.2878150939941406,0.18955588340759277
Munin,"I(R_MEDD2_DSLOW_WD,R_LNLT1_LP_APB_MUSIZE,R_MEDD2_ALLAMP_WD)",744,53,7.12,0.2845170497894287,0.10929012298583984
Munin,"I(R_ADM_SPONT_INS_ACT,L_LNL_ISCH_SALOSS_CA,R_ADM_MULOSS)",816,134,16.42,0.26897192001342773,0.16097497940063477
Munin,"I(R_LNLBE_APB_MUSIZE,L_DELT_FORCE,L_LNLW_MEDD2_RD_WD)",20,1,5.00,0.0354769229888916,0.026803016662597656
Munin,"I(L_DIFFN_ULND5_DISP,R_LNLT1_APB_MUSIZE,R_OTHER_ISCH_DIFSLOW)",708,12,1.69,0.2158510684967041,0.05255913734436035
Munin,"I(L_ADM_SPONT_NEUR_DISCH,L_MED_CV_EW,L_DIFFN_ISCH_BLOCK)",816,111,13.60,0.2728288173675537,0.1490018367767334
Munin,"I(L_ULN_ALLCV_EW,L_MYAS_APB_MUDENS,L_LNLW_APB_MALOSS)",780,53,6.79,0.24355077743530273,0.09910798072814941
Munin,"I(R_LNLLP_APB_MALOSS,L_ULND5_ALLCV_EW,R_DELT_SF_DENSITY)",17,1,5.88,0.016395092010498047,0.03348898887634277
Munin,"I(L_DELT_QUAL_MUPPOLY,L_DIFFN_MED_BLOCK,L_MYAS_OTHER_ADM_MUDENS)",777,113,14.54,0.25154995918273926,0.149522066116333
Munin,"I(R_AXIL_DIFSLOW_ED,L_MED_DCV_WA,R_ULND5_DISP_EED)",794,90,11.34,0.24865007400512695,0.1426379680633545
Munin,"I(R_OTHER_ISCH_DISP,L_DELT_SPONT_NEUR_DISCH,L_ULND5_CV_WD)",4,1,25.00,0.0067980289459228516,0.021624088287353516
Munin,"I(R_MYOP_DELT_DENERV,R_LNLW_MEDD2_SALOSS_WD,L_ULND5_BLOCK_WD)",7,1,14.29,0.0039370059967041016,0.006386995315551758
Munin,"I(R_DELT_FORCE,R_ULN_LD_WA,R_LNLBE_APB_DE_REGEN)",805,134,16.65,0.26030898094177246,0.14549612998962402
Munin,"I(R_LNLE_ULND5_RD_E,R_DIFFN_ULN_DIFSLOW,L_ULND5_DISP_E)",116,6,5.17,0.04144692420959473,0.017824172973632812
Munin,"I(R_DIFFN_ULND5_DISP,L_MEDD2_DIFSLOW_WD,L_LNLLP_APB_MUSIZE)",720,28,3.89,0.22973394393920898,0.06116890907287598
Munin,"I(R_MYDY_ADM_DE_REGEN,R_MEDD2_DISP_EW,R_LNLT1_APB_DENERV)",36,1,2.78,0.01999497413635254,0.004817008972167969
Munin,"I(L_LNLW_APB_NEUR_ACT,L_LNLE_ADM_DENERV,L_ADM_QUAN_MUPPOLY)",97,4,4.12,0.036875009536743164,0.03817296028137207
Munin,"I(R_DIFFN_DELT_MUSIZE,R_DIFFN_DELT_DE_REGEN,L_SUR_ALLAMP_CA)",700,40,5.71,0.2211298942565918,0.08794021606445312
Munin,"I(R_OTHER_ADM_NMT,L_MED_DIFSLOW_WA,R_LNL_DIFFN_APB_DENERV)",29,1,3.45,0.014801025390625,0.013506889343261719
Munin,"I(L_LNLC8_ADM_MUSIZE,L_ULND5_SALOSS,R_DELT_EFFMUS)",21,1,4.76,0.01681804656982422,0.027519941329956055
Munin,"I(R_OTHER_ADM_MUSIZE,L_DELT_MVA_AMP,R_LNL_DIFFN_ADM_MALOSS)",19,1,5.26,0.021842002868652344,0.0219728946685791
Munin,"I(R_OTHER_ADM_MUDENS,L_DELT_NMT,L_LNLT1_LP_BE_APB_DENERV)",5,1,20.00,0.01098012924194336,0.013282060623168945
Munin,"I(L_DIFFN_LNLW_APB_MUSIZE,R_ULND5_LSLOW_WD,L_LNLW_MEDD2_LD_WD)",736,26,3.53,0.2336268424987793,0.09956097602844238
Munin,"I(R_MED_DIFSLOW_EW,R_MUSCLE_APB_DENERV,R_AXIL_RD_ED)",820,110,13.41,0.2504749298095703,0.1283550262451172
Munin,"I(L_APB_MUSCLE_VOL,R_MEDD2_ALLCV_WD,R_MUSCLE_ADM_MUSIZE)",849,132,15.55,0.2899761199951172,0.1865849494934082
Munin,"I(R_DIFFN_LNLW_MEDD2_DISP_WD,L_LNLPC5_DIFFN_DELT_MUDENS,L_DIFFN_LNLW_ULN_BLOCK_WA)",765,60,7.84,0.23836207389831543,0.12973499298095703
Munin,"I(R_ULND5_DISP_BEW,R_LNL_DIFFN_ADM_MALOSS,L_MYOP_ADM_DENERV)",784,60,7.65,0.2447512149810791,0.11247086524963379
Munin,"I(R_MUSCLE_APB_DENERV,L_APB_QUAL_MUPDUR,R_DIFFN_APB_DENERV)",908,211,23.24,0.2977559566497803,0.21408510208129883
Munin,"I(L_LNLT1_APB_MUDENS,R_LNLW_ULN_BLOCK,L_MEDD2_DISP_EW)",6,1,16.67,0.0038950443267822266,0.005709171295166016
Munin,"I(L_LNLE_ULN_SEV,L_MYOP_MYDY_ADM_MUDENS,L_ULND5_AMPR_E)",106,9,8.49,0.03758096694946289,0.022219181060791016
Munin,"I(L_ULND5_ALLAMP_WD,R_LNLPC5_DELT_MALOSS,R_DELT_MULOSS)",794,79,9.95,0.24533700942993164,0.12048006057739258
Munin,"I(R_DIFFN_ISCH_BLOCK,R_APB_SF_JITTER,R_MEDD2_DSLOW_WD)",801,110,13.73,0.2667560577392578,0.15346598625183105
Munin,"I(L_DIFFN_LNLW_ADM_MALOSS,R_LNLBE_APB_MUDENS,L_LNLT1_LP_APB_DE_REGEN)",714,16,2.24,0.2389240264892578,0.06503105163574219
Munin,"I(R_LNLBE_MEDD2_DIFSLOW_WD,L_LNLW_MEDD2_BLOCK_WD,DIFFN_S_SEV_DIST)",5,1,20.00,0.0031740665435791016,0.004233837127685547
Munin,"I(R_MYOP_APB_DENERV,R_ULND5_LSLOW_E,L_DIFFN_ULND5_DISP)",7,1,14.29,0.0060880184173583984,0.008744955062866211
Munin,"I(R_MEDD2_AMPR_EW,L_ADM_MUSCLE_VOL,L_MYOP_ADM_MUDENS)",882,148,16.78,0.3014979362487793,0.19007110595703125
Munin,"I(R_DELT_DENERV,R_DIFFN_MEDD2_BLOCK,L_SUR_EFFAXLOSS)",775,113,14.58,0.2529921531677246,0.14478492736816406
Munin,"I(R_APB_MVA_AMP,L_DIFFN_MEDD2_BLOCK,L_MUSCLE_APB_MUDENS)",800,120,15.00,0.25331783294677734,0.17003607749938965
Munin,"I(R_LNLC8_LP_E_ADM_MALOSS,L_LNLT1_APB_MUSIZE,L_MYDY_ADM_MUSIZE)",129,15,11.63,0.04777693748474121,0.024585962295532227
Munin,"I(L_ULN_RDLDCV_E,L_ULND5_DSLOW_E,R_APB_ALLAMP_WA)",800,122,15.25,0.26378583908081055,0.15039515495300293
Munin,"I(L_LNLT1_APB_MUSIZE,L_LNLW_MEDD2_BLOCK_WD,R_APB_SF_DENSITY)",21,1,4.76,0.008596181869506836,0.011752843856811523
Munin,"I(R_ULND5_ALLCV_EW,L_ULND5_DISP_EED,R_LNLLP_APB_DE_REGEN)",854,101,11.83,0.27179408073425293,0.1261599063873291
Munin,"I(R_MEDD2_ALLAMP_WD,R_MED_BLOCK_WA,L_ULND5_DSLOW_E)",771,85,11.02,0.24684906005859375,0.13388800621032715
Munin,"I(L_LNLPC5_DELT_MUSIZE,R_MED_BLOCK_WA,L_DELT_SPONT_DENERV_ACT)",69,29,42.03,0.029253005981445312,0.04397988319396973
Munin,"I(R_ULN_AMPR_EW,R_DIFFN_APB_NEUR_ACT,L_LNLW_MEDD2_BLOCK_WD)",718,26,3.62,0.22437119483947754,0.07806897163391113
Munin,"I(L_DIFFN_DELT_MALOSS,L_LNLE_ULND5_DISP_E,L_MYOP_APB_DE_REGEN)",709,12,1.69,0.2229619026184082,0.04683399200439453
Munin,"I(L_OTHER_NMT_DELT_DENERV,L_DIFFN_MED_BLOCK,L_LNLC8_LP_ADM_NEUR_ACT)",756,74,9.79,0.2388617992401123,0.1268448829650879
Munin,"I(R_DIFFN_ADM_DE_REGEN,L_APB_DE_REGEN,L_ULND5_DIFSLOW_E)",777,77,9.91,0.2498340606689453,0.12284588813781738
Munin,"I(L_SUR_DSLOW_CA,L_MYOP_DELT_DE_REGEN,L_MYOP_MYDY_ADM_MUSIZE)",722,33,4.57,0.22246193885803223,0.0705878734588623
Munin,"I(L_OTHER_NMT_DELT_DENERV,L_MUSCLE_ADM_DENERV,DIFFN_TYPE)",887,179,20.18,0.2896561622619629,0.1987450122833252
Munin,"I(L_DIFFN_ADM_MUDENS,L_MUSCLE_ADM_MUDENS,R_LNL_DIFFN_ADM_DE_REGEN)",713,17,2.38,0.2297048568725586,0.0808718204498291
Munin,"I(R_MYDY_APB_DE_REGEN,R_DIFFN_ADM_MUSIZE,R_MEDD2_BLOCK_WD)",33,1,3.03,0.015017986297607422,0.008404970169067383
Munin,"I(L_ADM_EFFMUS,L_LNLT1_APB_DE_REGEN,L_ADM_DENERV)",817,135,16.52,0.2643289566040039,0.18902802467346191
Munin,"I(R_MEDD2_CV_WD,R_MYDY_APB_DENERV,R_MED_RDLDCV_EW)",756,57,7.54,0.23861289024353027,0.09366512298583984
Munin,"I(L_ULND5_LD_WD,L_APB_SF_DENSITY,L_APB_MULOSS)",12,4,33.33,0.014152050018310547,0.021836042404174805
Munin,"I(L_APB_REPSTIM_POST_DECR,L_DELT_MALOSS,L_DIFFN_MEDD2_BLOCK)",801,99,12.36,0.26021909713745117,0.15658307075500488
Munin,"I(R_LNLPC5_AXIL_PATHO,L_LNLW_ULND5_SALOSS,L_MEDD2_AMP_WD)",60,3,5.00,0.022344112396240234,0.015294075012207031
Munin,"I(L_ULND5_AMP_WD,L_LNLC8_LP_E_ADM_DE_REGEN,R_LNLPC5_AXIL_SEV)",814,86,10.57,0.26202893257141113,0.11579108238220215
Munin,"I(L_LNLW_ULND5_BLOCK_WD,R_ULND5_ALLAMP_WD,L_LNL_DIFFN_ADM_DENERV)",6,1,16.67,0.013962984085083008,0.019778013229370117
Munin,"I(R_DELT_REPSTIM_POST_DECR,L_ULN_ALLDEL_WA,L_MEDD2_ALLCV_EW)",858,149,17.37,0.2807919979095459,0.19185900688171387
Munin,"I(R_MEDD2_LSLOW_EW,R_MED_DCV_WA,R_DIFFN_LNLW_ULN_BLOCK_WA)",12,9,75.00,0.013370990753173828,0.017651796340942383
Munin,"I(R_MYAS_APB_NMT,L_ULN_ALLCV_EW,L_LNLPC5_DIFFN_DELT_NEUR_ACT)",28,1,3.57,0.019904136657714844,0.01581096649169922
Munin,"I(R_LNLLP_ADM_MUDENS,L_ULN_AMPR_EW,R_MUSCLE_DELT_MUDENS)",6,1,16.67,0.005600929260253906,0.00722503662109375
Munin,"I(R_DELT_MUSCLE_VOL,R_MUSCLE_DELT_MUSIZE,R_LNLLP_APB_MALOSS)",739,42,5.68,0.23002290725708008,0.08695816993713379
Munin,"I(L_ADM_EFFMUS,L_LNLBE_MEDD2_DISP_EW,R_LNLE_ULND5_LD_E)",817,122,14.93,0.26932597160339355,0.16254019737243652
Munin,"I(R_ULND5_CV_EW,L_LNLE_DIFFN_ULND5_DIFSLOW_WD,L_DELT_SF_JITTER)",828,88,10.63,0.2642350196838379,0.13045096397399902
Munin,"I(L_MEDD2_BLOCK_EW,L_ULN_RD_EW,L_MYDY_DELT_DENERV)",712,16,2.25,0.21695709228515625,0.059823036193847656
Munin,"I(R_LNL_DIFFN_APB_DENERV,R_DIFFN_LNLW_APB_MUDENS,R_LNLBE_APB_DENERV)",763,58,7.60,0.23652911186218262,0.10544896125793457
Munin,"I(R_LNLPC5_DELT_MALOSS,L_DELT_MUPAMP,R_ULND5_CV_WD)",69,6,8.70,0.03875112533569336,0.03758096694946289
Munin,"I(L_LNLW_APB_DE_REGEN,R_LNLBE_MED_BLOCK,R_MED_DIFSLOW_EW)",100,8,8.00,0.03569293022155762,0.02002692222595215
Munin,"I(R_DIFFN_APB_MUSIZE,R_LNLW_MED_BLOCK,R_LNLW_APB_DE_REGEN)",710,13,1.83,0.2218761444091797,0.07246112823486328
Munin,"I(L_MEDD2_LSLOW_WD,DIFFN_SENS_SEV,L_ADM_QUAL_MUPPOLY)",108,16,14.81,0.03784799575805664,0.04322314262390137
Munin,"I(R_OTHER_AXIL_BLOCK,L_LNLT1_LP_APB_DENERV,L_LNLLP_ULND5_SALOSS)",8,1,12.50,0.004208087921142578,0.002699136734008789
Munin,"I(L_LNLPC5_DIFFN_DELT_DE_REGEN,R_MYOP_MYDY_ADM_DE_REGEN,L_LNLLP_ADM_MALOSS)",722,23,3.19,0.23151397705078125,0.07494020462036133
Munin,"I(L_MUSCLE_APB_DENERV,R_LNLPC5_DIFFN_DELT_MUDENS,L_LNLLP_ADM_MUSIZE)",806,99,12.28,0.2663888931274414,0.15045595169067383
Munin,"I(R_DIFFN_ISCH_SALOSS,L_DELT_QUAN_MUPAMP,L_ADM_NEUR_ACT)",808,141,17.45,0.27022790908813477,0.1672661304473877
Munin,"I(R_DIFFN_LNLW_APB_MUDENS,L_LNLC8_LP_ADM_MUSIZE,L_ULN_RDLDCV_E)",737,24,3.26,0.23294305801391602,0.1044468879699707
Munin,"I(R_ADM_REPSTIM_DECR,R_DIFFN_APB_MUDENS,R_LNLBE_MED_BLOCK)",785,82,10.45,0.2563459873199463,0.12494111061096191
Munin,"I(L_MYDY_APB_MUDENS,R_DIFFN_APB_DE_REGEN,L_LNLT1_LP_APB_MUDENS)",5,1,20.00,0.005231142044067383,0.005527973175048828
Munin,"I(R_LNLT1_APB_DE_REGEN,R_ULN_AMPR_EW,R_LNLE_ULN_BLOCK)",35,1,2.86,0.018513202667236328,0.005785942077636719
Munin,"I(L_MED_DIFSLOW_WA,R_DE_REGEN_APB_NMT,R_LNL_ISCH_SEV)",788,82,10.41,0.250291109085083,0.12266182899475098
Munin,"I(L_ADM_SF_DENSITY,L_DELT_NEUR_ACT,R_ULN_CV_E)",799,94,11.76,0.2696700096130371,0.15569400787353516
Munin,"I(L_MYOP_MYDY_ADM_DENERV,L_OTHER_DELT_NMT,L_APB_FORCE)",10,4,40.00,0.004518032073974609,0.033409833908081055
Munin,"I(L_DIFFN_LNLW_ADM_DENERV,R_ULN_BLOCK_E,R_LNLT1_LP_BE_APB_NEUR_ACT)",775,44,5.68,0.24640512466430664,0.09910702705383301
Munin,"I(L_LNLW_MEDD2_SALOSS_WD,L_ADM_MUPINSTAB,L_DIFFN_LNLW_ADM_DENERV)",100,7,7.00,0.047749996185302734,0.02921605110168457
Munin,"I(L_MUSCLE_ADM_MUDENS,R_DELT_NEUR_ACT,R_LNLC8_LP_ADM_MUSIZE)",14,11,78.57,0.011281967163085938,0.014603137969970703
Munin,"I(L_DELT_REPSTIM_POST_DECR,L_LNLLP_ADM_MUDENS,R_APB_NMT)",751,76,10.12,0.23610496520996094,0.12915420532226562
Munin,"I(L_DELT_MUDENS,L_MYAS_DE_REGEN_ADM_NMT,L_MED_RDLDDEL)",828,116,14.01,0.2577829360961914,0.1554410457611084
Munin,"I(R_DIFFN_DELT_MALOSS,L_LNLE_DIFFN_ULND5_BLOCK_E,R_SUR_LD_CA)",768,39,5.08,0.2344980239868164,0.08993983268737793
Munin,"I(R_ADM_QUAL_MUPDUR,L_LNLT1_LP_APB_MALOSS,R_MYOP_ADM_DE_REGEN)",821,126,15.35,0.2565469741821289,0.15222477912902832
Munin,"I(R_DELT_TA_CONCL,L_LNLW_ULND5_LD_WD,L_DELT_TA_CONCL)",779,127,16.30,0.2369849681854248,0.14837312698364258
Munin,"I(R_LNL_DIFFN_ADM_DE_REGEN,L_DIFFN_DELT_MUSIZE,R_DIFFN_ISCH_SALOSS)",760,52,6.84,0.24156403541564941,0.12960577011108398
Munin,"I(R_LNLE_DIFFN_ULND5_BLOCK_E,L_LNL_DIFFN_ADM_MUSIZE,L_DELT_MUPDUR)",817,101,12.36,0.2618720531463623,0.18744206428527832
Munin,"I(L_DIFFN_ISCH_DIFSLOW,L_APB_VOL_ACT,R_LNLC8_ADM_DENERV)",707,12,1.70,0.22135400772094727,0.05543112754821777
Munin,"I(R_MEDD2_EFFAXLOSS,R_LNLW_APB_MALOSS,R_LNLBE_MEDD2_DIFSLOW_WD)",749,41,5.47,0.23853588104248047,0.08432698249816895
Munin,"I(R_LNLPC5_DIFFN_DELT_DE_REGEN,L_DIFFN_APB_DE_REGEN,L_ADM_MUSIZE)",713,39,5.47,0.2241840362548828,0.11396598815917969
Munin,"I(L_ULN_ALLDEL_WA,L_MEDD2_AMPR_EW,R_MYAS_APB_NMT)",852,115,13.50,0.2898550033569336,0.15894603729248047
Munin,"I(L_MED_DIFSLOW_EW,R_DELT_REPSTIM_CMAPAMP,L_DELT_QUAL_MUPAMP)",841,198,23.54,0.3026289939880371,0.20670604705810547
Munin,"I(L_OTHER_ADM_NEUR_ACT,R_OTHER_ULND5_LD,L_DIFFN_ADM_MUSIZE)",3,1,33.33,0.0017549991607666016,0.004651069641113281
Munin,"I(R_LNLW_MED_TIME,L_LNLLP_ADM_NEUR_ACT,R_SUR_DISP_CA)",54,1,1.85,0.018566131591796875,0.006382942199707031
Munin,"I(L_LNLBE_MED_DIFSLOW,L_LNLPC5_AXIL_PATHO,L_DELT_VOL_ACT)",5,1,20.00,0.0024509429931640625,0.0021619796752929688
Munin,"I(R_DIFFN_LNLW_APB_MUSIZE,R_MYOP_MYDY_APB_DENERV,L_MED_ALLCV_EW)",736,34,4.62,0.22678208351135254,0.0987699031829834
Munin,"I(L_ULND5_AMPR_E,L_LNLW_MED_TIME,R_APB_NMT)",767,77,10.04,0.24103188514709473,0.13088202476501465
Munin,"I(L_LNLBE_MEDD2_SALOSS_EW,R_LNLW_APB_MUDENS,L_MYDY_DELT_DE_REGEN)",11,1,9.09,0.005738019943237305,0.0033159255981445312
Munin,"I(L_MED_CV_EW,L_DIFFN_AXIL_BLOCK,R_MEDD2_DIFSLOW_WD)",764,69,9.03,0.24409794807434082,0.13213515281677246
Munin,"I(R_LNL_DIFFN_APB_DENERV,L_LNLC8_LP_ADM_DENERV,R_DIFFN_APB_MALOSS)",747,37,4.95,0.24312806129455566,0.10155200958251953
Munin,"I(L_LNLLP_APB_DENERV,R_APB_EFFMUS,R_LNLC8_LP_ADM_MALOSS)",8,1,12.50,0.02508687973022461,0.02114105224609375
Munin,"I(L_LNLC8_LP_ADM_MALOSS,L_ADM_MVA_AMP,R_ADM_MUSCLE_VOL)",24,4,16.67,0.030003070831298828,0.04491400718688965
Munin,"I(R_ULN_BLOCK_E,R_MYOP_MYDY_APB_DE_REGEN,L_LNLW_MED_SEV)",744,28,3.76,0.2460641860961914,0.09054398536682129
Munin,"I(L_DELT_QUAN_MUPAMP,L_LNLW_APB_MUDENS,R_LNLE_DIFFN_ULND5_DIFSLOW_E)",782,108,13.81,0.2467041015625,0.12954998016357422
Munin,"I(L_DIFFN_AXIL_BLOCK,L_APB_MUSCLE_VOL,R_LNLE_DIFFN_ULND5_DISP_E)",813,109,13.41,0.2711169719696045,0.1530141830444336
Munin,"I(L_APB_SF_DENSITY,R_MYOP_DELT_DENERV,L_LNLW_ULND5_DISP_WD)",758,49,6.46,0.24674296379089355,0.10427212715148926
Munin,"I(L_LNLC8_ADM_DENERV,L_DELT_SF_DENSITY,R_LNLPC5_AXIL_SEV)",8,1,12.50,0.014016151428222656,0.009466886520385742
Munin,"I(R_LNLW_MEDD2_DISP_WD,R_ULN_LD_EW,R_LNLPC5_DELT_DE_REGEN)",101,7,6.93,0.038023948669433594,0.019291162490844727
Munin,"I(L_MYOP_ADM_DE_REGEN,L_DELT_SPONT_INS_ACT,R_DELT_SPONT_NEUR_DISCH)",36,1,2.78,0.03071308135986328,0.023415088653564453
Munin,"I(R_DELT_QUAN_MUPDUR,R_MED_RDLDDEL,L_DELT_DENERV)",782,126,16.11,0.24676203727722168,0.14799094200134277
Munin,"I(R_LNLW_MEDD2_LD_WD,L_LNLE_ULN_BLOCK,L_MYAS_DELT_NMT)",102,9,8.82,0.03558802604675293,0.01680898666381836
Munin,"I(R_LNLC8_ADM_NEUR_ACT,R_ULND5_ALLCV_EW,R_ADM_REPSTIM_FACILI)",6,1,16.67,0.012984991073608398,0.022459030151367188
Munin,"I(L_DIFFN_ADM_MALOSS,R_MEDD2_DISP_WD,L_LNLE_ULND5_BLOCK_E)",757,43,5.68,0.23343205451965332,0.10768294334411621
Munin,"I(R_LNLBE_MEDD2_BLOCK_EW,R_ULND5_DISP_E,L_ADM_MULOSS)",3,1,33.33,0.005931854248046875,0.016576051712036133
Munin,"I(R_MYOP_MYDY_DELT_MUDENS,R_DIFFN_LNL_ISCH_SALOSS,L_ULND5_DIFSLOW_EW)",8,4,50.00,0.007311105728149414,0.011254072189331055
Munin,"I(R_LNLW_ADM_MUSIZE,DIFFN_SEV,L_APB_SF_DENSITY)",20,1,5.00,0.007929801940917969,0.010982990264892578
Munin,"I(L_MED_RDLDDEL,R_LNLW_ULN_BLOCK,L_LNLC8_ADM_DE_REGEN)",103,11,10.68,0.034890174865722656,0.01841592788696289
Munin,"I(R_DIFFN_ISCH_BLOCK,L_LNLT1_LP_BE_APB_MALOSS,L_NMT_ADM_DENERV)",705,30,4.26,0.22411203384399414,0.08560514450073242
Munin,"I(R_MYAS_DE_REGEN_DELT_NMT,L_DIFFN_APB_MUDENS,L_DIFFN_ADM_NEUR_ACT)",743,56,7.54,0.24370098114013672,0.12880587577819824
Munin,"I(R_DIFFN_ULND5_BLOCK,R_APB_SF_DENSITY,L_DIFFN_LNLW_ULN_BLOCK_WA)",796,88,11.06,0.2547149658203125,0.13454699516296387
Munin,"I(R_ADM_MUDENS,R_LNLW_MEDD2_SALOSS_WD,L_DELT_SF_DENSITY)",767,59,7.69,0.25521397590637207,0.13244009017944336
Munin,"I(L_LNLC8_ADM_MALOSS,L_DIFFN_MEDD2_DISP,L_ULN_RD_EW)",21,1,4.76,0.010091066360473633,0.004495859146118164
Munin,"I(L_LNLT1_LP_APB_DENERV,R_APB_SPONT_NEUR_DISCH,R_LNLW_ADM_MALOSS)",11,4,36.36,0.011127233505249023,0.011642932891845703
Munin,"I(L_ULN_DCV_WA,R_NMT_ADM_DENERV,R_APB_QUAN_MUPAMP)",892,176,19.73,0.28981494903564453,0.19977092742919922
Munin,"I(L_MED_RDLDCV_EW,R_LNLE_ADM_DENERV,L_MEDD2_DISP_WD)",7,4,57.14,0.0045049190521240234,0.011255025863647461
Munin,"I(L_DIFFN_LNL_ISCH_SALOSS,R_LNLW_ADM_MUSIZE,R_LNL_DIFFN_APB_MUDENS)",713,26,3.65,0.22505903244018555,0.07311296463012695
Munin,"I(L_SUR_ALLAMP_CA,L_MYDY_ADM_DENERV,L_DELT_SF_DENSITY)",729,56,7.68,0.23440098762512207,0.08608412742614746
Munin,"I(L_LNLE_ADM_DE_REGEN,R_ULN_BLOCK_E,R_ULN_ALLCV_E)",123,9,7.32,0.04539012908935547,0.03786492347717285
Munin,"I(R_AXIL_AMP_E,L_ULND5_DISP_BEW,L_ADM_QUAL_MUPDUR)",818,178,21.76,0.2578392028808594,0.2094259262084961
Munin,"I(R_LNLW_ULND5_RD_WD,L_ULN_DCV_EW,L_DE_REGEN_APB_NMT)",5,1,20.00,0.010486125946044922,0.019489049911499023
Munin,"I(L_SUR_EFFAXLOSS,R_DELT_REPSTIM_POST_DECR,R_ULND5_DSLOW_WD)",799,124,15.52,0.2597970962524414,0.15268707275390625
Munin,"I(R_DELT_MVA_RECRUIT,L_MYOP_MYDY_DELT_DE_REGEN,R_MYAS_OTHER_ADM_MUDENS)",746,41,5.50,0.2307450771331787,0.07160091400146484
Munin,"I(R_DIFFN_AXIL_BLOCK,L_MYAS_APB_NMT,L_LNLBE_APB_DENERV)",709,12,1.69,0.22063207626342773,0.050024986267089844
Munin,"I(R_ULN_ALLCV_EW,L_DIFFN_LNLW_ADM_DE_REGEN,R_LNLE_ULND5_LD_E)",774,68,8.79,0.24066400527954102,0.11545205116271973
Munin,"I(R_SUR_DSLOW_CA,R_APB_REPSTIM_DECR,R_LNLT1_APB_DENERV)",818,120,14.67,0.27533698081970215,0.16016697883605957
Munin,"I(L_DELT_REPSTIM_CMAPAMP,R_LNLE_ULN_PATHO,R_MYOP_MYDY_DELT_MUSIZE)",803,131,16.31,0.2534329891204834,0.14194893836975098
Munin,"I(R_DIFFN_APB_DENERV,L_APB_QUAL_MUPPOLY,R_LNLC8_LP_E_ADM_NEUR_ACT)",839,147,17.52,0.29936695098876953,0.17888402938842773
Munin,"I(L_APB_DE_REGEN,R_LNLPC5_DELT_NEUR_ACT,R_MYDY_APB_DE_REGEN)",755,46,6.09,0.24745798110961914,0.13073086738586426
Munin,"I(R_ULN_LAT_WA,R_ULN_BLOCK_EW,L_LNLT1_LP_APB_MALOSS)",795,74,9.31,0.2644169330596924,0.11594104766845703
Munin,"I(R_APB_MUPSATEL,L_DIFFN_MED_DIFSLOW,R_ULND5_LD_E)",760,55,7.24,0.24188494682312012,0.11463689804077148
Munin,"I(R_LNLT1_LP_APB_MALOSS,L_ULND5_DISP_BED,L_APB_REPSTIM_FACILI)",20,4,20.00,0.014120101928710938,0.01922297477722168
Munin,"I(L_APB_EFFMUS,R_MUSCLE_ADM_MUDENS,L_LNLLP_APB_DENERV)",796,109,13.69,0.2610299587249756,0.14369702339172363
Munin,"I(R_DELT_DE_REGEN,L_APB_NEUR_ACT,R_MYOP_MYDY_ADM_DENERV)",794,78,9.82,0.25713300704956055,0.1349790096282959
Munin,"I(R_LNLBE_MED_DIFSLOW,R_DIFFN_ULND5_DISP,L_APB_TA_CONCL)",5,1,20.00,0.004564046859741211,0.021055936813354492
Munin,"I(R_AXIL_RD_ED,L_MYDY_APB_MUSIZE,L_LNLW_MEDD2_BLOCK_WD)",62,4,6.45,0.02428412437438965,0.007651090621948242
Munin,"I(L_MEDD2_DIFSLOW_EW,R_LNLW_APB_DENERV,R_DELT_MUSCLE_VOL)",711,27,3.80,0.22667598724365234,0.0815119743347168
Munin,"I(R_LNLE_ULN_TIME,L_DELT_QUAN_MUPAMP,R_APB_SPONT_INS_ACT)",57,1,1.75,0.03639411926269531,0.03755807876586914
Munin,"I(L_ULND5_BLOCK_EW,R_MYOP_MYDY_ADM_MUDENS,L_MYAS_DELT_NMT)",715,16,2.24,0.2262861728668213,0.062294960021972656
Munin,"I(R_SUR_LD_CA,R_LNLW_APB_NEUR_ACT,L_MEDD2_SALOSS)",4,1,25.00,0.002866983413696289,0.007156848907470703
Munin,"I(R_AXIL_LAT_ED,L_MYOP_APB_MUDENS,L_ULN_RD_EW)",747,44,5.89,0.23954200744628906,0.07095599174499512
Munin,"I(L_ADM_MVA_RECRUIT,L_DELT_SPONT_NEUR_DISCH,L_OTHER_ISCH_DIFSLOW)",864,95,11.00,0.2566800117492676,0.1533210277557373
Munin,"I(L_MUSCLE_APB_DENERV,R_DIFFN_ADM_MALOSS,R_DELT_MULOSS)",772,90,11.66,0.25599193572998047,0.1417219638824463
Munin,"I(R_SUR_LD_CA,L_MEDD2_ALLCV_WD,R_MEDD2_AMP_WD)",4,1,25.00,0.013025045394897461,0.02379584312438965
Munin,"I(L_LNLC8_ADM_MUSIZE,R_MYOP_DELT_MUDENS,R_LNLPC5_AXIL_DIFSLOW)",21,1,4.76,0.008356094360351562,0.0023469924926757812
Munin,"I(R_ULND5_LD_WD,R_LNLW_ULND5_LD_WD,L_DIFFN_ADM_MUDENS)",12,4,33.33,0.004589080810546875,0.00707697868347168
Munin,"I(L_LNLW_ADM_MUDENS,R_DELT_MUPDUR,R_DELT_REPSTIM_DECR)",5,1,20.00,0.018168926239013672,0.02632904052734375
Munin,"I(L_DIFFN_ISCH_SALOSS,R_OTHER_ADM_NEUR_ACT,R_LNL_DIFFN_ADM_MUDENS)",704,19,2.70,0.21981310844421387,0.07602190971374512
Munin,"I(L_MEDD2_LD_WD,L_MUSCLE_DELT_DE_REGEN,R_MYDY_DELT_DENERV)",104,10,9.62,0.039155006408691406,0.018519163131713867
Munin,"I(R_DIFFN_LNLW_ULND5_DISP_WD,L_APB_MUPINSTAB,R_LNLE_ULND5_LD_E)",809,103,12.73,0.25717902183532715,0.1403031349182129
Munin,"I(L_DIFFN_DELT_MUSIZE,R_ADM_MVA_RECRUIT,L_DIFFN_LNLW_ULN_BLOCK_WA)",809,94,11.62,0.25189709663391113,0.14333105087280273
Munin,"I(L_LNL_ISCH_PATHO,DIFFN_SEV,L_LNLT1_LP_APB_MALOSS)",10,1,10.00,0.0043010711669921875,0.0029129981994628906
Munin,"I(L_MYDY_ADM_DE_REGEN,R_MEDD2_RD_EW,R_LNL_DIFFN_ULND5_SALOSS)",36,1,2.78,0.013277053833007812,0.010151147842407227
Munin,"I(L_MEDD2_LD_WD,R_APB_NEUR_ACT,L_LNLBE_APB_MUDENS)",104,10,9.62,0.04049396514892578,0.022408008575439453
Munin,"I(L_MYOP_ADM_DENERV,L_LNLC8_LP_E_ADM_MUDENS,L_ULND5_ALLCV_EW)",7,1,14.29,0.005615949630737305,0.012546062469482422
Munin,"I(R_DIFFN_LNL_ISCH_SALOSS,R_LNL_ISCH_SEV,L_LNLW_ULN_BLOCK)",713,19,2.66,0.22003483772277832,0.0579068660736084
Munin,"I(L_SUR_DSLOW_CA,R_SUR_ALLCV_CA,R_ULN_RDLDCV_E)",765,85,11.11,0.2374110221862793,0.09170103073120117
Munin,"I(L_LNLT1_LP_APB_MALOSS,L_LNLC8_ADM_MUDENS,L_MYOP_ADM_DENERV)",20,4,20.00,0.008317947387695312,0.00713801383972168
Munin,"I(L_LNLC8_ADM_MUDENS,L_OTHER_ADM_DE_REGEN,L_DELT_MUSCLE_VOL)",6,1,16.67,0.0037980079650878906,0.012001991271972656
Munin,"I(R_APB_QUAN_MUPPOLY,L_LNLT1_LP_APB_MALOSS,R_MYOP_DELT_MUDENS)",793,109,13.75,0.25583815574645996,0.15341806411743164
Munin,"I(R_LNL_ISCH_SEV,R_MEDD2_DSLOW_EW,R_SUR_CV_CA)",10,7,70.00,0.010627031326293945,0.017815113067626953
Munin,"I(L_AXIL_AMP_E,R_ULND5_ALLAMP_WD,L_AXIL_BLOCK_ED)",907,210,23.15,0.2895951271057129,0.21564292907714844
Munin,"I(R_OTHER_ULND5_RD,R_MEDD2_AMP_WD,R_LNLE_ADM_DE_REGEN)",9,1,11.11,0.017283916473388672,0.014082193374633789
Munin,"I(R_ULND5_DIFSLOW_EW,L_LNLW_ADM_DENERV,R_MUSCLE_ADM_MUSIZE)",715,16,2.24,0.21802711486816406,0.05611896514892578
Munin,"I(L_DIFFN_LNLW_APB_MUDENS,R_APB_SPONT_DENERV_ACT,R_LNLC8_LP_E_ADM_DENERV)",874,161,18.42,0.2928469181060791,0.1768360137939453
Munin,"I(R_LNLLP_APB_MUSIZE,L_LNLC8_LP_E_ADM_MUSIZE,L_DELT_SPONT_HF_DISCH)",21,1,4.76,0.010780096054077148,0.02059006690979004
Munin,"I(L_APB_MUPSATEL,R_MUSCLE_DELT_MUDENS,R_DIFFN_DELT_MALOSS)",756,51,6.75,0.2368488311767578,0.12124204635620117
Munin,"I(L_DIFFN_LNLW_APB_NEUR_ACT,R_ULND5_BLOCK_WD,R_LNLE_ULND5_DIFSLOW)",795,44,5.53,0.2499401569366455,0.11649584770202637
Munin,"I(L_LNLLP_APB_DENERV,R_LNLE_ULN_SEV,R_LNLE_ULND5_BLOCK_E)",8,1,12.50,0.003487110137939453,0.0028579235076904297
Munin,"I(L_ULN_BLOCK_WA,L_DIFFN_ISCH_SALOSS,L_DIFFN_ADM_NEUR_ACT)",721,36,4.99,0.23367094993591309,0.09157299995422363
Munin,"I(L_MYDY_DELT_DE_REGEN,DIFFN_DUMMY_3,R_DELT_FORCE)",36,1,2.78,0.017865896224975586,0.028693199157714844
Munin,"I(L_DIFFN_ULND5_BLOCK,L_SUR_DISP_CA,L_DELT_MUSIZE)",719,33,4.59,0.22986698150634766,0.07372593879699707
Munin,"I(R_ULN_LAT_WA,R_DELT_MVA_RECRUIT,L_LNL_DIFFN_APB_DE_REGEN)",837,114,13.62,0.280364990234375,0.14844989776611328
Munin,"I(R_MYAS_ADM_NMT,R_MYOP_APB_DENERV,L_LNLE_ULND5_SALOSS)",30,1,3.33,0.011083126068115234,0.0027239322662353516
Munin,"I(R_DIFFN_LNLW_ADM_NEUR_ACT,L_DIFFN_DELT_MUSIZE,R_DIFFN_MEDD2_BLOCK)",691,31,4.49,0.21943402290344238,0.10610604286193848
Munin,"I(R_LNL_DIFFN_ADM_MUDENS,R_MUSCLE_ADM_MUSIZE,L_ULN_CV_EW)",754,48,6.37,0.2341771125793457,0.11941909790039062
Munin,"I(R_DELT_QUAL_MUPDUR,L_LNLT1_APB_MUSIZE,R_LNLT1_LP_BE_APB_DENERV)",782,102,13.04,0.23782682418823242,0.11897778511047363
Munin,"I(L_MYOP_DELT_MUDENS,R_DELT_SPONT_HF_DISCH,R_ULN_LD_WA)",5,1,20.00,0.018175840377807617,0.0213010311126709
Munin,"I(R_LNLT1_APB_NEUR_ACT,L_ADM_QUAN_MUPPOLY,L_MUSCLE_DELT_DE_REGEN)",5,1,20.00,0.025143861770629883,0.025068044662475586
Munin,"I(R_DIFFN_AXIL_DIFSLOW,R_LNLC8_ADM_MUDENS,DIFFN_DUMMY_3)",709,17,2.40,0.21701788902282715,0.05672883987426758
Munin,"I(R_LNLW_ULN_BLOCK,L_DIFFN_LNLW_APB_MUSIZE,L_MYOP_MYDY_APB_MUSIZE)",9,1,11.11,0.010786056518554688,0.007175922393798828
Munin,"I(L_ADM_REPSTIM_FACILI,L_AXIL_DCV,R_APB_QUAL_MUPAMP)",829,147,17.73,0.27451300621032715,0.18471980094909668
Munin,"I(R_DIFFN_APB_NEUR_ACT,L_MYOP_APB_MUSIZE,L_OTHER_ADM_NEUR_ACT)",684,12,1.75,0.20963716506958008,0.05956697463989258
Munin,"I(L_DIFFN_ULND5_DIFSLOW,L_APB_MULOSS,L_LNLC8_LP_ADM_MUDENS)",780,70,8.97,0.24201703071594238,0.1198720932006836
Munin,"I(L_LNLC8_ADM_DENERV,L_MED_AMP_WA,L_APB_QUAL_MUPPOLY)",8,1,12.50,0.03439784049987793,0.0571291446685791
Munin,"I(R_APB_TA_CONCL,R_DELT_MULOSS,R_DELT_SF_DENSITY)",840,158,18.81,0.27437520027160645,0.1861269474029541
Munin,"I(R_LNLLP_APB_MALOSS,L_MEDD2_DISP_EWD,L_APB_MUPDUR)",17,1,5.88,0.011641979217529297,0.025150060653686523
Munin,"I(R_LNLT1_APB_MUSIZE,R_LNLBE_APB_DE_REGEN,R_APB_MUDENS)",21,1,4.76,0.00845193862915039,0.01040506362915039
Munin,"I(L_MEDD2_SALOSS,R_SUR_EFFAXLOSS,R_MED_RD_EW)",768,64,8.33,0.24425506591796875,0.08606410026550293
Munin,"I(L_LNLPC5_AXIL_SEV,L_LNL_DIFFN_ULND5_SALOSS,L_OTHER_NMT_DELT_DENERV)",60,15,25.00,0.025867938995361328,0.026403188705444336
Munin,"I(R_MED_AMPR_EW,L_MED_DCV_EW,L_DELT_FORCE)",786,115,14.63,0.3055241107940674,0.17170190811157227
Munin,"I(L_LNL_DIFFN_ADM_MUSIZE,R_DIFFN_ISCH_BLOCK,L_ADM_DENERV)",760,77,10.13,0.23412799835205078,0.15125799179077148
Munin,"I(R_DELT_MUSIZE,R_ULN_DIFSLOW_EW,L_MYDY_APB_DENERV)",748,49,6.55,0.23271584510803223,0.11540508270263672
Munin,"I(R_LNLLP_APB_NEUR_ACT,R_LNL_ISCH_SEV,R_DIFFN_MEDD2_DIFSLOW)",5,1,20.00,0.0023479461669921875,0.004163026809692383
Munin,"I(L_MYAS_DELT_MUDENS,L_LNLC8_ADM_NEUR_ACT,L_ADM_QUAL_MUPDUR)",5,1,20.00,0.0024290084838867188,0.024384021759033203
Munin,"I(R_LNLE_ADM_DE_REGEN,L_LNLPC5_DELT_DENERV,R_MED_DCV_WA)",123,9,7.32,0.04357790946960449,0.02934122085571289
Munin,"I(L_APB_EFFMUS,L_NMT_DELT_DENERV,R_LNLE_ULN_TIME)",867,186,21.45,0.274216890335083,0.20273113250732422
Munin,"I(L_DIFFN_LNLW_APB_MUSIZE,R_LNLE_ADM_NEUR_ACT,L_ADM_TA_CONCL)",736,54,7.34,0.23138189315795898,0.12717485427856445
Munin,"I(L_DIFFN_ULN_BLOCK,R_APB_SPONT_NEUR_DISCH,L_ULN_ALLCV_EW)",775,70,9.03,0.23956608772277832,0.10927200317382812
Munin,"I(R_MYOP_MYDY_APB_DENERV,R_ULND5_CV_E,L_DIFFN_LNLW_MEDD2_SALOSS)",10,4,40.00,0.018948078155517578,0.02309393882751465
Munin,"I(R_SUR_EFFAXLOSS,R_APB_MUDENS,L_DIFFN_ADM_DE_REGEN)",805,102,12.67,0.2649509906768799,0.15027904510498047
Munin,"I(R_ADM_VOL_ACT,R_NMT_DELT_DENERV,R_APB_QUAL_MUPPOLY)",3,1,33.33,0.010215044021606445,0.036351919174194336
Munin,"I(L_ADM_QUAL_MUPDUR,L_DELT_REPSTIM_POST_DECR,L_LNLE_ADM_NEUR_ACT)",895,204,22.79,0.29747509956359863,0.21670198440551758
Munin,"I(L_MYOP_APB_MUSIZE,R_ULND5_DISP_BED,R_LNLW_APB_MUDENS)",19,1,5.26,0.01199197769165039,0.007651090621948242
Munin,"I(R_SUR_DIFSLOW_CA,L_MED_DCV_WA,L_MUSCLE_DELT_MUDENS)",784,76,9.69,0.25330281257629395,0.12382984161376953
Munin,"I(L_DELT_REPSTIM_CMAPAMP,L_DIFFN_DELT_DENERV,L_LNLBE_APB_DE_REGEN)",808,138,17.08,0.2618229389190674,0.14597797393798828
Munin,"I(L_ULN_RDLDCV_E,R_DE_REGEN_DELT_NMT,R_MYOP_MYDY_ADM_DENERV)",125,12,9.60,0.05172991752624512,0.02948307991027832
Munin,"I(L_MYOP_MYDY_ADM_DENERV,R_LNLW_ADM_MALOSS,R_DIFFN_ISCH_DIFSLOW)",10,4,40.00,0.004422187805175781,0.009022951126098633
Munin,"I(R_APB_MVA_AMP,R_MYOP_ADM_MUSIZE,R_ULND5_BLOCK_E)",797,117,14.68,0.2528679370880127,0.162492036819458
Munin,"I(R_OTHER_ULND5_SALOSS,L_MYOP_DELT_DENERV,L_LNLT1_APB_NEUR_ACT)",14,1,7.14,0.007175922393798828,0.0021059513092041016
Munin,"I(R_MYOP_ADM_DE_REGEN,R_APB_SF_DENSITY,R_APB_QUAN_MUPDUR)",36,1,2.78,0.02728104591369629,0.03152298927307129
Munin,"I(R_ADM_SPONT_INS_ACT,L_LNLW_ADM_NEUR_ACT,R_ADM_SF_DENSITY)",816,128,15.69,0.2672719955444336,0.1592719554901123
Munin,"I(R_ULN_RDLDCV_E,L_ADM_SF_DENSITY,R_APB_QUAN_MUPAMP)",125,12,9.60,0.05485391616821289,0.050076961517333984
Munin,"I(L_ADM_MUSCLE_VOL,R_ULN_LAT_WA,R_MEDD2_DISP_WD)",899,159,17.69,0.2953050136566162,0.19615817070007324
Munin,"I(L_MEDD2_DISP_EW,R_OTHER_DELT_NMT,L_AXIL_AMP_E)",712,59,8.29,0.2132418155670166,0.10278582572937012
Munin,"I(R_DIFFN_DELT_DE_REGEN,L_MYOP_MYDY_ADM_MUSIZE,L_SUR_EFFAXLOSS)",709,25,3.53,0.21659088134765625,0.08333921432495117
Munin,"I(R_ULND5_ALLCV_EW,R_MED_RD_EW,L_DIFFN_MEDD2_DISP)",775,53,6.84,0.23627400398254395,0.09151005744934082
Munin,"I(R_DELT_SPONT_NEUR_DISCH,L_LNLW_MEDD2_BLOCK_WD,R_MEDD2_LD_WD)",686,26,3.79,0.22760295867919922,0.04804515838623047
Munin,"I(L_APB_MVA_RECRUIT,R_LNLLP_ADM_MUDENS,R_MEDD2_DISP_EW)",761,57,7.49,0.23833203315734863,0.10297107696533203
Munin,"I(L_LNLW_APB_MALOSS,R_SUR_LD_CA,R_OTHER_ULND5_DISP)",99,7,7.07,0.03456997871398926,0.015111923217773438
Munin,"I(R_ULND5_LD_E,R_LNLPC5_DIFFN_DELT_DE_REGEN,R_ULND5_DIFSLOW_E)",129,14,10.85,0.048768043518066406,0.027605056762695312
Munin,"I(R_MEDD2_DSLOW_WD,R_DELT_SF_JITTER,L_SUR_CV_CA)",820,128,15.61,0.26263999938964844,0.15378808975219727
Munin,"I(R_OTHER_ULND5_DIFSLOW,L_APB_MUPAMP,R_APB_EFFMUS)",13,1,7.69,0.021940946578979492,0.035902976989746094
Munin,"I(R_NMT_APB_DENERV,L_ADM_REPSTIM_POST_DECR,L_DIFFN_ULN_BLOCK)",885,164,18.53,0.283735990524292,0.18207120895385742
Munin,"I(L_LNLE_ULND5_DISP_E,L_LNLBE_MEDD2_DISP_EW,L_LNLE_ADM_MUDENS)",122,9,7.38,0.043823957443237305,0.017815113067626953
Munin,"I(R_SUR_LD_CA,R_LNLW_MEDD2_SALOSS_WD,R_DIFFN_APB_MUDENS)",4,1,25.00,0.002763986587524414,0.005235910415649414
Munin,"I(L_MYAS_DE_REGEN_DELT_NMT,L_ULN_RD_EW,R_ADM_SPONT_HF_DISCH)",740,71,9.59,0.22919797897338867,0.13470911979675293
Munin,"I(L_ULND5_DSLOW_E,R_DELT_MULOSS,L_OTHER_DELT_MUSIZE)",806,92,11.41,0.2619340419769287,0.13052010536193848
Munin,"I(R_LNLW_ADM_MUDENS,L_MED_DIFSLOW_EW,R_LNLPC5_DIFFN_DELT_MUSIZE)",5,1,20.00,0.00602412223815918,0.009058952331542969
Munin,"I(R_DIFFN_DELT_NEUR_ACT,L_LNLE_DIFFN_ULND5_BLOCK_E,L_OTHER_ADM_NMT)",802,41,5.11,0.25043296813964844,0.10659503936767578
Munin,"I(L_LNLW_APB_DENERV,R_LNLE_ADM_MALOSS,L_LNLW_MEDD2_DISP_WD)",101,9,8.91,0.03551292419433594,0.020945072174072266
Munin,"I(L_OTHER_ISCH_DIFSLOW,R_APB_QUAL_MUPDUR,L_ADM_REPSTIM_CMAPAMP)",5,1,20.00,0.020338058471679688,0.05217885971069336
Munin,"I(L_DELT_MULOSS,R_ULND5_BLOCK_E,L_APB_MUDENS)",809,77,9.52,0.25057196617126465,0.13135385513305664
Munin,"I(R_MED_RD_EW,L_LNLLP_E_ULND5_SALOSS,R_MYDY_ADM_DE_REGEN)",4,1,25.00,0.003551006317138672,0.003576993942260742
Munin,"I(L_LNLE_ULND5_SALOSS,R_LNLC8_ADM_MUDENS,R_SUR_DSLOW_CA)",121,8,6.61,0.041239023208618164,0.02426290512084961
Munin,"I(L_MYDY_ADM_DENERV,L_DIFFN_ULND5_SALOSS,L_MYOP_MYDY_DELT_MUSIZE)",7,1,14.29,0.005298137664794922,0.004847049713134766
Munin,"I(L_ULN_DCV_EW,R_APB_SPONT_DENERV_ACT,R_OTHER_ULND5_BLOCK)",913,186,20.37,0.2924818992614746,0.18943500518798828
Munin,"I(R_DELT_SPONT_DENERV_ACT,R_DIFFN_LNLW_APB_MUSIZE,L_DIFFN_MEDD2_SALOSS)",818,128,15.65,0.31514811515808105,0.21491789817810059
Munin,"I(R_ULND5_CV_EW,L_LNLPC5_DIFFN_DELT_MALOSS,L_LNLT1_LP_APB_MALOSS)",804,76,9.45,0.2593510150909424,0.12964987754821777
Munin,"I(R_SUR_DIFSLOW_CA,DIFFN_M_SEV_PROX,R_LNL_DIFFN_ADM_MUSIZE)",691,29,4.20,0.2240769863128662,0.07894301414489746
Munin,"I(R_ULN_ALLCV_E,L_ADM_MUSIZE,R_DIFFN_LNLW_APB_MALOSS)",864,128,14.81,0.2905750274658203,0.1595749855041504
Munin,"I(L_DELT_FORCE,R_LNLPC5_DIFFN_DELT_MUSIZE,L_MYOP_DELT_MUDENS)",834,155,18.59,0.2627859115600586,0.15851879119873047
Munin,"I(L_MUSCLE_DELT_DENERV,L_MYAS_DELT_NMT,L_DELT_FORCE)",761,101,13.27,0.23735713958740234,0.12934207916259766
Munin,"I(L_LNLE_DIFFN_ULND5_BLOCK_E,L_ADM_REPSTIM_POST_DECR,L_DELT_VOL_ACT)",823,119,14.46,0.26155805587768555,0.15257596969604492
Munin,"I(R_DIFFN_DELT_MUSIZE,L_LNLW_ADM_DENERV,R_ADM_QUAL_MUPPOLY)",709,48,6.77,0.2213740348815918,0.10769891738891602
Munin,"I(L_MYOP_DELT_DE_REGEN,R_DIFFN_ULND5_DIFSLOW,L_DELT_QUAN_MUPDUR)",36,23,63.89,0.017469167709350586,0.03191184997558594
Munin,"I(L_LNL_DIFFN_ADM_MALOSS,L_DELT_EFFMUS,L_ULND5_AMPR_EW)",836,149,17.82,0.28476881980895996,0.18969202041625977
Munin,"I(L_LNLPC5_DELT_MUDENS,R_MYOP_DELT_MUSIZE,L_OTHER_ULND5_BLOCK)",68,7,10.29,0.023351192474365234,0.012295961380004883
Munin,"I(L_DIFFN_DELT_MUDENS,R_MYAS_OTHER_ADM_MUDENS,R_DIFFN_LNLW_ADM_NEUR_ACT)",709,18,2.54,0.22127485275268555,0.07104015350341797
Munin,"I(R_MYOP_MYDY_DELT_MUSIZE,L_LNLBE_APB_MUSIZE,L_OTHER_DELT_MUDENS)",23,4,17.39,0.009199142456054688,0.004861116409301758
Munin,"I(R_MYAS_ADM_MUDENS,L_LNLC8_LP_ADM_MUSIZE,L_LNLW_ADM_NEUR_ACT)",5,1,20.00,0.003331899642944336,0.003340005874633789
Munin,"I(L_SUR_CV_CA,L_MYOP_ADM_MUDENS,R_LNLE_ADM_MALOSS)",729,43,5.90,0.24146103858947754,0.07741498947143555
Munin,"I(R_ULND5_BLOCK_EW,L_ULND5_BLOCK_EW,L_LNLT1_LP_BE_APB_MUDENS)",729,30,4.12,0.22764205932617188,0.06636905670166016
Munin,"I(R_MED_AMPR_EW,L_DELT_MVA_AMP,L_ULN_AMPR_E)",815,142,17.42,0.26513004302978516,0.16188311576843262
Munin,"I(R_NMT_APB_DENERV,R_LNLC8_LP_ADM_MALOSS,L_DIFFN_ISCH_SALOSS)",767,69,9.00,0.23682308197021484,0.12589406967163086
Munin,"I(L_OTHER_ULND5_DISP,R_MYOP_DELT_DE_REGEN,R_ULND5_DISP_WD)",12,1,8.33,0.004537105560302734,0.006125926971435547
Munin,"I(L_ULND5_AMP_WD,L_APB_VOL_ACT,L_DIFFN_LNLW_ADM_MUSIZE)",795,74,9.31,0.2507040500640869,0.1162099838256836
Munin,"I(L_ULN_AMP_WA,L_ADM_NEUR_ACT,R_DELT_VOL_ACT)",883,210,23.78,0.28774499893188477,0.204240083694458
Munin,"I(R_ULND5_AMPR_E,R_MYAS_DELT_MUDENS,L_MEDD2_SALOSS)",767,64,8.34,0.2416219711303711,0.09850692749023438
Munin,"I(R_OTHER_DELT_MUSIZE,R_DIFFN_LNLW_MEDD2_DISP_WD,R_DIFFN_DELT_MUSIZE)",19,1,5.26,0.010941028594970703,0.010631084442138672
Munin,"I(R_ADM_MUDENS,R_APB_QUAL_MUPPOLY,L_MEDD2_SALOSS)",893,193,21.61,0.31363797187805176,0.21197009086608887
Munin,"I(L_LNLW_ULND5_DISP_WD,L_LNLPC5_DELT_DE_REGEN,L_LNLT1_LP_BE_APB_MUSIZE)",10,1,10.00,0.005167961120605469,0.004445075988769531
Munin,"I(L_SUR_DSLOW_CA,R_LNLLP_APB_MUSIZE,R_DIFFN_APB_DE_REGEN)",722,38,5.26,0.22346210479736328,0.07696700096130371
Munin,"I(R_DELT_QUAL_MUPPOLY,L_DELT_REPSTIM_POST_DECR,R_LNLPC5_DELT_MUDENS)",850,179,21.06,0.27587199211120605,0.16971707344055176
Munin,"I(R_DELT_NEUR_ACT,L_MYOP_MYDY_APB_DE_REGEN,L_OTHER_ULND5_LD)",685,25,3.65,0.22642087936401367,0.04803180694580078
Munin,"I(R_DIFFN_APB_MUSIZE,L_OTHER_ADM_MALOSS,R_LNLBE_APB_NEUR_ACT)",710,13,1.83,0.21913814544677734,0.07295989990234375
Munin,"I(R_LNLT1_LP_BE_APB_NEUR_ACT,L_DELT_DE_REGEN,L_APB_SPONT_NEUR_DISCH)",11,8,72.73,0.014045953750610352,0.0198519229888916
Munin,"I(R_APB_REPSTIM_CMAPAMP,R_MYAS_OTHER_ADM_MUDENS,L_ADM_MUPSATEL)",832,159,19.11,0.25498485565185547,0.1795978546142578
Munin,"I(R_OTHER_ULND5_RD,L_LNLE_ULN_TIME,R_ULN_LD_WA)",9,1,11.11,0.003844022750854492,0.002351999282836914
Munin,"I(L_DELT_QUAL_MUPDUR,R_LNLLP_APB_NEUR_ACT,R_LNLLP_APB_DENERV)",782,102,13.04,0.25486207008361816,0.1198580265045166
Munin,"I(R_MED_AMPR_EW,R_LNLPC5_DELT_MUDENS,L_DIFFN_LNLW_ULN_BLOCK_WA)",715,24,3.36,0.2252960205078125,0.06419205665588379
Munin,"I(R_DIFFN_LNLW_ADM_MUSIZE,R_SUR_DISP_CA,L_ADM_REPSTIM_POST_DECR)",727,49,6.74,0.2433629035949707,0.11883997917175293
Munin,"I(L_LNLPC5_DIFFN_DELT_MUSIZE,L_SUR_DISP_CA,R_LNLPC5_DELT_MALOSS)",736,40,5.43,0.24421215057373047,0.0992438793182373
Munin,"I(L_LNLC8_LP_ADM_NEUR_ACT,R_MEDD2_CV_WD,L_AXIL_BLOCK_ED)",9,4,44.44,0.017735004425048828,0.020023107528686523
Munin,"I(L_ADM_QUAN_MUPAMP,L_DE_REGEN_APB_NMT,L_DELT_MUPSATEL)",890,195,21.91,0.2967958450317383,0.22098422050476074
Munin,"I(L_ADM_MUPDUR,L_DIFFN_LNLW_APB_MUDENS,R_MUSCLE_DELT_DENERV)",863,167,19.35,0.28203415870666504,0.20528197288513184
Munin,"I(L_OTHER_ADM_MUSIZE,L_LNLW_MEDD2_BLOCK_WD,L_ADM_REPSTIM_CMAPAMP)",19,15,78.95,0.007920980453491211,0.0475010871887207
Munin,"I(R_LNLLP_APB_MUSIZE,R_LNLE_ULND5_RD_E,L_LNLLP_ADM_DENERV)",21,1,4.76,0.009808063507080078,0.0024890899658203125
Munin,"I(L_LNLPC5_DELT_DENERV,L_DE_REGEN_ADM_NMT,L_LNLE_ULN_DIFSLOW)",68,7,10.29,0.03780007362365723,0.021908998489379883
Munin,"I(L_LNLBE_MEDD2_LD_EW,R_LNLBE_MEDD2_BLOCK_EW,R_LNLE_ULND5_LD_E)",5,2,40.00,0.0026710033416748047,0.0035200119018554688
Munin,"I(L_LNLBE_APB_DE_REGEN,L_OTHER_DELT_DE_REGEN,L_APB_QUAN_MUPPOLY)",34,25,73.53,0.012938976287841797,0.045027971267700195
Munin,"I(L_MYOP_APB_MUSIZE,L_ULN_RD_WA,L_APB_SPONT_DENERV_ACT)",19,1,5.26,0.007444143295288086,0.021657943725585938
Munin,"I(L_MYOP_MYDY_ADM_DENERV,L_LNLE_ADM_NEUR_ACT,L_OTHER_ULND5_SALOSS)",10,4,40.00,0.00740504264831543,0.007442951202392578
Munin,"I(L_LNLT1_APB_NEUR_ACT,R_APB_QUAN_MUPDUR,R_MED_RDLDCV_EW)",5,1,20.00,0.020591020584106445,0.020804166793823242
Munin,"I(R_DIFFN_LNLW_APB_MUDENS,DIFFN_DUMMY_2,R_LNLC8_LP_ADM_DE_REGEN)",744,33,4.44,0.23589301109313965,0.09781980514526367
Munin,"I(R_ULND5_ALLCV_E,L_LNLW_MEDD2_BLOCK_WD,R_APB_ALLAMP_WA)",789,114,14.45,0.2589428424835205,0.16420197486877441
Munin,"I(L_LNLPC5_DIFFN_DELT_DE_REGEN,L_APB_NMT,R_MED_ALLCV_EW)",799,104,13.02,0.26395082473754883,0.1605219841003418
Munin,"I(R_MYOP_ADM_DENERV,R_LNLT1_LP_BE_APB_DE_REGEN,L_LNLLP_ADM_DENERV)",7,1,14.29,0.005849123001098633,0.0040929317474365234
Munin,"I(L_ADM_MUSCLE_VOL,L_MEDD2_DISP_EWD,L_LNLPC5_AXIL_PATHO)",844,113,13.39,0.27737903594970703,0.18375802040100098
Munin,"I(R_MUSCLE_DELT_DENERV,L_APB_MULOSS,R_DELT_REPSTIM_POST_DECR)",831,128,15.40,0.2691531181335449,0.16454505920410156
Munin,"I(L_AXIL_DEL,R_APB_QUAL_MUPPOLY,R_SUR_DSLOW_CA)",872,190,21.79,0.2983849048614502,0.2116689682006836
Munin,"I(R_LNLC8_ADM_MUDENS,L_ULND5_LD_WD,R_ULND5_LSLOW_WD)",6,1,16.67,0.0035238265991210938,0.004998207092285156
Munin,"I(R_DELT_SF_DENSITY,L_DIFFN_DELT_MUSIZE,R_OTHER_ADM_MALOSS)",742,49,6.60,0.2304081916809082,0.08605504035949707
Munin,"I(L_MYOP_MYDY_ADM_DENERV,R_LNLE_ADM_MUDENS,L_LNLW_APB_DENERV)",10,4,40.00,0.006899118423461914,0.00960397720336914
Munin,"I(L_LNLT1_APB_DE_REGEN,R_ULND5_BLOCK_WD,R_ULN_AMPR_EW)",35,1,2.86,0.016963958740234375,0.008558034896850586
Munin,"I(R_AXIL_DCV,L_ULN_CV_EW,L_DIFFN_MEDD2_DISP)",827,108,13.06,0.2629990577697754,0.14933204650878906
Munin,"I(R_LNLLP_APB_NEUR_ACT,R_MYDY_DELT_DE_REGEN,R_LNLC8_ADM_NEUR_ACT)",5,1,20.00,0.0024781227111816406,0.002110004425048828
Munin,"I(R_LNLLP_APB_NEUR_ACT,R_LNLW_ADM_NEUR_ACT,R_LNLPC5_AXIL_TIME)",5,1,20.00,0.002463102340698242,0.0020339488983154297
Munin,"I(R_MUSCLE_DELT_DENERV,L_ADM_MUSIZE,L_DIFFN_DELT_MUDENS)",855,138,16.14,0.2900669574737549,0.17123198509216309
Munin,"I(L_LNLE_DIFFN_ULND5_DISP_E,R_MEDD2_DIFSLOW_EW,R_DELT_QUAN_MUPPOLY)",754,70,9.28,0.22674298286437988,0.11782002449035645
Munin,"I(L_LNLC8_ADM_MUDENS,R_DELT_MUPAMP,R_DIFFN_LNLW_ADM_NEUR_ACT)",6,1,16.67,0.017573118209838867,0.020160913467407227
Munin,"I(L_LNLW_MEDD2_LD_WD,DIFFN_SENS_SEV,L_DIFFN_ULND5_BLOCK)",102,9,8.82,0.03848910331726074,0.018568992614746094
Munin,"I(L_ADM_MUDENS,R_MED_LD_EW,L_MEDD2_ALLCV_WD)",767,66,8.60,0.2439730167388916,0.13448405265808105
Munin,"I(L_DIFFN_ULN_DIFSLOW,L_MYOP_MYDY_ADM_MUDENS,R_ADM_TA_CONCL)",712,44,6.18,0.21540117263793945,0.09460186958312988
Munin,"I(R_LNLLP_ADM_DENERV,R_ULND5_LSLOW_E,R_LNLLP_APB_MUSIZE)",8,1,12.50,0.006299018859863281,0.0048160552978515625
Munin,"I(L_LNLW_ADM_DENERV,R_LNLW_ULND5_LD_WD,L_LNLE_DIFFN_ULND5_DIFSLOW_WD)",7,1,14.29,0.0031490325927734375,0.005187034606933594
Munin,"I(R_OTHER_ULND5_DIFSLOW,L_LNL_DIFFN_APB_MUSIZE,L_DE_REGEN_DELT_NMT)",13,1,7.69,0.011872053146362305,0.01605510711669922
Munin,"I(L_ADM_REPSTIM_POST_DECR,R_ULND5_DISP_EED,L_MYOP_APB_DE_REGEN)",863,128,14.83,0.27970290184020996,0.18857908248901367
Munin,"I(L_LNLC8_LP_E_ADM_DE_REGEN,R_ADM_REPSTIM_POST_DECR,L_APB_NEUR_ACT)",128,16,12.50,0.05608391761779785,0.043129920959472656
Munin,"I(L_ULND5_RD_WD,R_ULND5_DISP_BED,L_LNLT1_LP_APB_DENERV)",12,4,33.33,0.009218931198120117,0.01007699966430664
Munin,"I(L_MYDY_APB_DE_REGEN,L_ULN_AMP_WA,R_MYOP_MYDY_APB_MUSIZE)",33,1,3.03,0.045059919357299805,0.03829598426818848
Munin,"I(R_LNL_ISCH_PATHO,R_LNLE_DIFFN_ULND5_DISP_E,L_ADM_MVA_AMP)",10,1,10.00,0.007815122604370117,0.02497696876525879
Munin,"I(R_LNLPC5_DELT_DE_REGEN,R_LNLPC5_AXIL_PATHO,L_MYAS_OTHER_DELT_MUDENS)",64,5,7.81,0.021802186965942383,0.009150028228759766
Munin,"I(R_LNLW_MED_TIME,L_ADM_QUAN_MUPAMP,R_DELT_REPSTIM_POST_DECR)",54,1,1.85,0.042135000228881836,0.03217506408691406
Munin,"I(L_ADM_SF_JITTER,L_MYDY_DELT_MUDENS,R_MED_AMP_WA)",782,115,14.71,0.2450699806213379,0.17371511459350586
Munin,"I(R_DIFFN_APB_DE_REGEN,L_OTHER_AXIL_BLOCK,R_LNLLP_ADM_DENERV)",712,13,1.83,0.21274304389953613,0.07218408584594727
Munin,"I(R_SUR_SALOSS,R_LNLW_ADM_MUDENS,L_OTHER_ADM_DENERV)",717,23,3.21,0.2165820598602295,0.05954408645629883
Munin,"I(L_ULND5_ALLCV_EW,R_APB_MUSCLE_VOL,L_LNL_DIFFN_APB_MUSIZE)",878,146,16.63,0.2883739471435547,0.18507003784179688
Munin,"I(L_DELT_MVA_AMP,L_MED_RD_WA,L_APB_QUAN_MUPDUR)",779,130,16.69,0.23961210250854492,0.16130590438842773
Munin,"I(R_OTHER_ISCH_SALOSS,L_LNL_DIFFN_ULND5_SALOSS,L_ULND5_LSLOW_E)",8,1,12.50,0.008723020553588867,0.009517908096313477
Munin,"I(R_ULND5_AMP_WD,R_ADM_MUPSATEL,R_OTHER_NMT_ADM_DENERV)",853,144,16.88,0.26921892166137695,0.18283486366271973
Munin,"I(L_LNLBE_APB_DENERV,R_DIFFN_MEDD2_BLOCK,L_APB_SPONT_NEUR_DISCH)",7,1,14.29,0.005305051803588867,0.010337114334106445
Munin,"I(L_MEDD2_ALLCV_EW,R_LNLE_ULND5_SALOSS,L_ADM_SPONT_DENERV_ACT)",754,78,10.34,0.2490849494934082,0.13044309616088867
Munin,"I(L_ADM_REPSTIM_CMAPAMP,L_MEDD2_ALLCV_WD,L_MUSCLE_APB_MUDENS)",928,238,25.65,0.3316478729248047,0.25484299659729004
Munin,"I(L_MEDD2_RD_EW,DIFFN_TYPE,R_ADM_DE_REGEN)",7,3,42.86,0.0031321048736572266,0.011723041534423828
Munin,"I(L_ULND5_LD_WD,R_LNLW_ULND5_SALOSS,L_APB_QUAL_MUPPOLY)",12,4,33.33,0.005357027053833008,0.0328369140625
Munin,"I(L_ULND5_DISP_E,R_DIFFN_ULND5_DIFSLOW,R_LNLW_ADM_DE_REGEN)",749,35,4.67,0.23388409614562988,0.0775449275970459
Munin,"I(L_DELT_NEUR_ACT,L_DELT_MUPDUR,R_LNLE_ULN_TIME)",775,138,17.81,0.2661471366882324,0.12838101387023926
Munin,"I(L_ADM_QUAN_MUPDUR,R_ULND5_BLOCK_EW,R_LNLE_ADM_DE_REGEN)",834,142,17.03,0.26132702827453613,0.18981409072875977
Munin,"I(R_MYAS_APB_NMT,R_AXIL_LAT_ED,L_LNLW_ULND5_BLOCK_WD)",28,1,3.57,0.018185853958129883,0.009649991989135742
Munin,"I(L_AXIL_DIFSLOW_ED,R_LNLBE_MEDD2_RD_EW,R_DELT_REPSTIM_DECR)",720,33,4.58,0.2225790023803711,0.07167792320251465
Munin,"I(R_LNLPC5_DELT_MUSIZE,R_LNLBE_APB_DE_REGEN,R_ULND5_LSLOW_E)",69,7,10.14,0.02463388442993164,0.016222000122070312
Munin,"I(R_ADM_SF_JITTER,R_LNLT1_APB_MALOSS,R_OTHER_DELT_DENERV)",782,73,9.34,0.2551610469818115,0.12466597557067871
Munin,"I(L_LNLC8_LP_ADM_MUSIZE,L_LNL_ISCH_SALOSS_CA,L_LNLC8_ADM_DENERV)",24,4,16.67,0.009881019592285156,0.006883859634399414
Munin,"I(R_DIFFN_APB_DE_REGEN,R_LNLC8_LP_ADM_DE_REGEN,R_LNLPC5_DELT_MALOSS)",712,13,1.83,0.229201078414917,0.07375216484069824
Munin,"I(L_DELT_MVA_RECRUIT,L_LNLT1_LP_BE_APB_MALOSS,L_MED_LAT_WA)",746,54,7.24,0.22687196731567383,0.10185790061950684
Munin,"I(L_ULND5_DIFSLOW_EW,R_DELT_MUSIZE,R_OTHER_ISCH_DIFSLOW)",767,63,8.21,0.24542999267578125,0.10945701599121094
Munin,"I(R_ULND5_ALLCV_EW,L_DIFFN_ISCH_SALOSS,L_LNLW_ULND5_LD_WD)",776,57,7.35,0.23922991752624512,0.0901648998260498
Munin,"I(L_MYOP_MYDY_DELT_DENERV,L_OTHER_ADM_MALOSS,L_LNLE_ADM_MALOSS)",10,4,40.00,0.004438161849975586,0.0054819583892822266
Munin,"I(L_ULND5_DISP_WD,R_DIFFN_LNLW_ADM_MALOSS,R_LNL_DIFFN_ADM_MUSIZE)",725,41,5.66,0.23318719863891602,0.10390400886535645
Munin,"I(DIFFN_PATHO,R_OTHER_ADM_NEUR_ACT,R_LNLW_ADM_MUSIZE)",596,1,0.17,0.2076718807220459,0.025605201721191406
Munin,"I(L_LNL_DIFFN_ADM_MUSIZE,L_APB_MUSIZE,L_LNLE_DIFFN_ULND5_BLOCK_E)",831,100,12.03,0.25748610496520996,0.14540410041809082
Munin,"I(L_MYOP_ADM_MUDENS,L_DELT_EFFMUS,R_MYOP_MYDY_DELT_MUSIZE)",5,1,20.00,0.01727294921875,0.016778945922851562
Munin,"I(L_MEDD2_DISP_EW,R_DELT_SPONT_HF_DISCH,L_MUSCLE_DELT_MUSIZE)",816,136,16.67,0.26586103439331055,0.1457350254058838
Munin,"I(R_LNL_DIFFN_ULND5_SALOSS,R_APB_MULOSS,R_MYOP_APB_MUDENS)",818,89,10.88,0.27140307426452637,0.1404860019683838
Munin,"I(L_LNLC8_LP_E_ADM_MUSIZE,L_LNLE_ULN_BLOCK,R_ADM_MUSCLE_VOL)",131,19,14.50,0.049440860748291016,0.04082679748535156
Munin,"I(L_ULND5_LD_WD,L_APB_MUDENS,L_ADM_REPSTIM_POST_DECR)",12,4,33.33,0.01767706871032715,0.025012969970703125
Munin,"I(R_ULND5_ALLCV_E,L_DE_REGEN_ADM_NMT,L_AXIL_DIFSLOW_ED)",876,147,16.78,0.2970428466796875,0.2004988193511963
Munin,"I(R_AXIL_BLOCK_ED,L_LNLE_ULND5_LD_E,R_MYAS_DELT_MUDENS)",712,16,2.25,0.21828699111938477,0.04938697814941406
Munin,"I(R_ULN_DCV_EW,L_LNLW_ULND5_DISP_WD,R_MYAS_OTHER_DELT_MUDENS)",778,51,6.56,0.23906517028808594,0.0964510440826416
Munin,"I(L_OTHER_ADM_MALOSS,R_APB_QUAN_MUPDUR,L_LNLPC5_DELT_MUSIZE)",18,1,5.56,0.028635025024414062,0.024255037307739258
Munin,"I(L_SUR_ALLAMP_CA,R_ULND5_LD_WD,L_APB_NEUR_ACT)",729,55,7.54,0.22886300086975098,0.09338188171386719
Munin,"I(R_LNLW_MED_BLOCK,DIFFN_M_SEV_PROX,L_MED_LAT_WA)",101,7,6.93,0.041680097579956055,0.031883955001831055
Munin,"I(R_ULND5_DIFSLOW_E,L_OTHER_ADM_DE_REGEN,R_OTHER_ISCH_DIFSLOW)",742,25,3.37,0.23664379119873047,0.06961584091186523
Munin,"I(L_OTHER_ADM_MALOSS,R_MEDD2_CV_EW,R_ULN_LD_EW)",18,1,5.56,0.0164949893951416,0.012191057205200195
Munin,"I(L_ULND5_DISP_E,L_LNLBE_APB_MALOSS,L_LNLT1_APB_MUSIZE)",749,27,3.60,0.23960399627685547,0.07833290100097656
Munin,"I(L_DIFFN_LNLW_APB_NEUR_ACT,R_APB_FORCE,R_APB_QUAL_MUPAMP)",870,202,23.22,0.3109128475189209,0.20859980583190918
Munin,"I(R_ADM_DE_REGEN,R_MEDD2_RD_EW,R_LNLPC5_DIFFN_DELT_MALOSS)",766,56,7.31,0.2316570281982422,0.11373400688171387
Munin,"I(L_MYOP_MYDY_DELT_MUDENS,L_DIFFN_LNLW_ADM_NEUR_ACT,R_ULN_RD_EW)",8,4,50.00,0.006472110748291016,0.007567882537841797
Munin,"I(R_MUSCLE_ADM_DENERV,R_ADM_SPONT_DENERV_ACT,L_DIFFN_LNLW_ADM_DE_REGEN)",858,165,19.23,0.27767419815063477,0.1707320213317871
Munin,"I(L_SUR_SALOSS,L_ULN_DCV_EW,R_APB_REPSTIM_POST_DECR)",800,97,12.12,0.26415586471557617,0.15057706832885742
Munin,"I(L_DELT_QUAN_MUPPOLY,L_ULND5_LD_E,L_LNLPC5_DELT_NEUR_ACT)",776,104,13.40,0.24787092208862305,0.1252298355102539
Munin,"I(L_MUSCLE_APB_DENERV,L_ULN_ALLDEL_WA,R_LNLC8_LP_E_ADM_MALOSS)",880,145,16.48,0.2827119827270508,0.17011094093322754
Munin,"I(L_DIFFN_LNLW_ADM_MUSIZE,L_ADM_FORCE,L_ULND5_BLOCK_EW)",919,239,26.01,0.31120920181274414,0.20532584190368652
Munin,"I(L_MEDD2_DSLOW_WD,L_ADM_MUSCLE_VOL,R_MED_LAT_WA)",873,154,17.64,0.29095983505249023,0.1894969940185547
Munin,"I(L_DELT_SPONT_INS_ACT,L_MYOP_ADM_MUSIZE,L_ADM_SPONT_DENERV_ACT)",772,122,15.80,0.23822903633117676,0.14734196662902832
Munin,"I(L_LNLC8_ADM_MUSIZE,L_DE_REGEN_APB_NMT,R_DIFFN_ISCH_BLOCK)",21,1,4.76,0.015798091888427734,0.012289047241210938
Munin,"I(R_OTHER_ADM_MUSIZE,R_ADM_TA_CONCL,L_ADM_DE_REGEN)",863,175,20.28,0.28933000564575195,0.1699659824371338
Munin,"I(L_MUSCLE_ADM_MUSIZE,R_APB_MUDENS,R_SUR_ALLAMP_CA)",26,8,30.77,0.018524169921875,0.024515867233276367
Munin,"I(R_LNLLP_APB_NEUR_ACT,L_ULND5_DISP_EWD,R_MYOP_ADM_DE_REGEN)",5,1,20.00,0.006479024887084961,0.006206989288330078
Munin,"I(R_LNLE_ULND5_RD_E,R_MED_RDLDCV_EW,L_MYAS_DELT_MUDENS)",116,6,5.17,0.039695024490356445,0.012161016464233398
Munin,"I(R_LNLW_ULND5_DISP_WD,R_LNL_ISCH_PATHO,R_LNLT1_LP_APB_DENERV)",10,1,10.00,0.004259824752807617,0.0026650428771972656
Munin,"I(L_AXIL_DIFSLOW_ED,L_APB_QUAL_MUPDUR,L_LNLW_ULND5_LD_WD)",855,159,18.60,0.28372693061828613,0.16388797760009766
Munin,"I(L_LNLLP_E_ULND5_SALOSS,R_LNLE_ADM_DENERV,R_LNL_DIFFN_APB_DE_REGEN)",127,12,9.45,0.045400142669677734,0.026510000228881836
Munin,"I(L_LNLPC5_DELT_DE_REGEN,L_ADM_QUAL_MUPAMP,L_ULN_LD_EW)",68,7,10.29,0.05008697509765625,0.03368806838989258
Munin,"I(L_LNLBE_MEDD2_DISP_EW,R_MYDY_ADM_MUDENS,R_APB_MUPSATEL)",4,1,25.00,0.0021021366119384766,0.009610891342163086
Munin,"I(L_DELT_MUDENS,L_MYDY_ADM_DE_REGEN,L_LNLC8_LP_ADM_MUSIZE)",736,39,5.30,0.22560405731201172,0.08275890350341797
Munin,"I(R_DIFFN_APB_NEUR_ACT,L_DIFFN_LNLW_APB_MUDENS,R_MED_RDLDDEL)",730,39,5.34,0.2334599494934082,0.09229612350463867
Munin,"I(R_ULND5_DIFSLOW_EW,L_APB_REPSTIM_POST_DECR,R_DELT_SF_DENSITY)",811,110,13.56,0.25464606285095215,0.1664891242980957
Munin,"I(R_DELT_MUPINSTAB,R_MED_DIFSLOW_WA,R_DE_REGEN_ADM_NMT)",763,85,11.14,0.23787903785705566,0.13706707954406738
Munin,"I(L_OTHER_ADM_DENERV,L_LNLE_DIFFN_ULND5_DIFSLOW_E,R_LNLLP_ADM_DE_REGEN)",7,1,14.29,0.006520986557006836,0.005339860916137695
Munin,"I(L_LNL_ISCH_SEV,L_LNLW_MED_SEV,R_LNLT1_LP_BE_APB_NEUR_ACT)",10,1,10.00,0.004216909408569336,0.0035080909729003906
Munin,"I(L_LNLC8_LP_E_ADM_MALOSS,L_LNLE_ULN_SEV,L_LNLC8_ADM_MUSIZE)",124,15,12.10,0.04464912414550781,0.019551992416381836
Munin,"I(L_LNLC8_LP_E_ADM_DENERV,R_OTHER_ULN_BLOCK_WA,L_AXIL_DIFSLOW_ED)",129,16,12.40,0.05946207046508789,0.029757022857666016
Munin,"I(L_MYOP_MYDY_APB_MUDENS,L_DIFFN_MEDD2_DISP,L_ULND5_DSLOW_EW)",8,4,50.00,0.009253978729248047,0.02314615249633789
Munin,"I(L_ULN_BLOCK_E,R_MEDD2_EFFAXLOSS,L_LNLLP_ADM_MALOSS)",804,74,9.20,0.33289098739624023,0.1359570026397705
Munin,"I(R_ULN_DIFSLOW_E,L_OTHER_DELT_MUDENS,R_APB_QUAL_MUPPOLY)",740,55,7.43,0.24531197547912598,0.11254596710205078
Munin,"I(R_ULND5_DISP_E,R_MYOP_MYDY_APB_DE_REGEN,L_APB_MUDENS)",749,36,4.81,0.225999116897583,0.09325313568115234
Munin,"I(L_APB_MUPDUR,L_LNLW_MEDD2_RD_WD,R_ADM_MALOSS)",798,116,14.54,0.24689602851867676,0.1524829864501953
Munin,"I(R_ULND5_DISP_BEW,L_DIFFN_LNLW_MEDD2_SALOSS,R_DELT_MUDENS)",759,47,6.19,0.23830890655517578,0.09160709381103516
Munin,"I(L_OTHER_NMT_DELT_DENERV,R_LNLE_ULND5_DIFSLOW,R_NMT_APB_DENERV)",755,80,10.60,0.2516751289367676,0.1250910758972168
Munin,"I(DIFFN_TYPE,R_OTHER_ADM_NEUR_ACT,L_LNLPC5_DELT_MUSIZE)",627,1,0.16,0.21456217765808105,0.0033478736877441406
Munin,"I(L_LNLT1_LP_BE_APB_MUSIZE,R_ULND5_DIFSLOW_EW,R_ULND5_CV_EW)",27,8,29.63,0.013437986373901367,0.021060943603515625
Munin,"I(L_ULN_BLOCK_WA,R_ULN_DCV_EW,R_MYDY_DELT_DENERV)",801,80,9.99,0.24135088920593262,0.11362099647521973
Munin,"I(L_DIFFN_APB_DENERV,R_ULND5_AMP_WD,R_APB_REPSTIM_FACILI)",824,113,13.71,0.2666339874267578,0.16152691841125488
Munin,"I(L_DELT_QUAL_MUPDUR,L_MED_BLOCK_WA,L_MUSCLE_DELT_MUDENS)",825,126,15.27,0.24898910522460938,0.1694779396057129
Munin,"I(L_DIFFN_LNLW_APB_DE_REGEN,L_LNLC8_LP_ADM_MUDENS,R_DIFFN_APB_DENERV)",736,26,3.53,0.22659611701965332,0.08873200416564941
Munin,"I(R_LNLPC5_DIFFN_DELT_MUDENS,R_LNL_DIFFN_ADM_MUSIZE,R_APB_REPSTIM_POST_DECR)",799,84,10.51,0.2487928867340088,0.14372014999389648
Munin,"I(R_DIFFN_ULN_DIFSLOW,R_MYAS_DE_REGEN_DELT_NMT,R_MYOP_APB_DENERV)",762,72,9.45,0.2379169464111328,0.12029695510864258
Munin,"I(L_DELT_EFFMUS,L_ULN_RDLDCV_E,L_APB_REPSTIM_POST_DECR)",778,114,14.65,0.2898681163787842,0.1663198471069336
Munin,"I(L_LNLBE_APB_DE_REGEN,R_LNLE_DIFFN_ULND5_DISP_E,R_LNLE_ADM_DE_REGEN)",34,1,2.94,0.01598215103149414,0.006518840789794922
Munin,"I(R_MED_CV_EW,R_LNLC8_ADM_MUDENS,L_LNLC8_LP_ADM_NEUR_ACT)",760,52,6.84,0.2308979034423828,0.09297704696655273
Munin,"I(R_LNLBE_APB_NEUR_ACT,L_AXIL_DEL,R_ULND5_LSLOW_E)",4,1,25.00,0.009363174438476562,0.01233983039855957
Munin,"I(L_SUR_LSLOW_CA,L_DELT_MUPAMP,L_LNLPC5_DELT_MUSIZE)",7,4,57.14,0.017708778381347656,0.019683837890625
Munin,"I(R_LNL_DIFFN_ULND5_SALOSS,R_MEDD2_DISP_WD,L_DELT_MUSCLE_VOL)",798,71,8.90,0.2428898811340332,0.1126852035522461
Munin,"I(R_LNLC8_LP_E_ADM_MALOSS,L_ADM_MVA_RECRUIT,L_MYDY_APB_MUDENS)",129,15,11.63,0.05834197998046875,0.03340911865234375
Munin,"I(R_OTHER_ADM_NEUR_ACT,R_APB_REPSTIM_CMAPAMP,R_MYOP_ADM_MUSIZE)",3,1,33.33,0.029515981674194336,0.031286001205444336
Munin,"I(L_MYDY_ADM_DE_REGEN,L_LNLW_ADM_DENERV,L_DIFFN_ADM_MALOSS)",36,1,2.78,0.012777090072631836,0.0042209625244140625
Munin,"I(R_LNLC8_LP_ADM_MALOSS,L_DIFFN_MED_BLOCK,R_LNLBE_MED_DIFSLOW)",24,4,16.67,0.011379003524780273,0.007027864456176758
Munin,"I(L_MYAS_DE_REGEN_ADM_NMT,DIFFN_M_SEV_PROX,L_DELT_QUAL_MUPAMP)",758,88,11.61,0.2374589443206787,0.13933277130126953
Munin,"I(L_MYDY_DELT_MUDENS,L_APB_SPONT_DENERV_ACT,R_DELT_MVA_RECRUIT)",5,1,20.00,0.02003002166748047,0.026298999786376953
Munin,"I(L_DIFFN_ADM_MALOSS,L_OTHER_ADM_DENERV,R_MUSCLE_ADM_MUDENS)",707,12,1.70,0.2085580825805664,0.05936408042907715
Munin,"I(L_SUR_RD_CA,R_LNL_DIFFN_ADM_DE_REGEN,R_ULND5_AMP_WD)",4,1,25.00,0.00849008560180664,0.02058696746826172
Munin,"I(L_LNL_DIFFN_ADM_NEUR_ACT,L_DIFFN_APB_MUDENS,L_ADM_REPSTIM_FACILI)",727,56,7.70,0.22844314575195312,0.10803699493408203
Munin,"I(L_LNLBE_MEDD2_RD_EW,R_DELT_TA_CONCL,L_DIFFN_LNLW_APB_MUDENS)",5,2,40.00,0.017474889755249023,0.02212214469909668
Munin,"I(L_DIFFN_AXIL_DIFSLOW,R_ADM_QUAN_MUPAMP,L_ADM_MULOSS)",870,182,20.92,0.2920088768005371,0.1841418743133545
Munin,"I(R_APB_QUAL_MUPAMP,L_MED_ALLDEL_WA,L_LNLW_ULN_BLOCK)",881,181,20.54,0.2783060073852539,0.1848468780517578
Munin,"I(L_MYAS_DE_REGEN_ADM_NMT,R_DIFFN_LNLW_ADM_DE_REGEN,L_DELT_TA_CONCL)",767,102,13.30,0.23685884475708008,0.14836788177490234
Munin,"I(R_DELT_ALLAMP,R_LNLT1_LP_BE_APB_MUSIZE,R_ADM_MUSIZE)",802,137,17.08,0.2427210807800293,0.15355801582336426
Munin,"I(L_LNLT1_LP_BE_APB_MUDENS,R_DELT_MUPAMP,L_MYAS_DELT_MUDENS)",12,8,66.67,0.020469188690185547,0.0235748291015625
Munin,"I(L_DELT_MUPAMP,L_MYAS_DE_REGEN_ADM_NMT,R_LNLE_ADM_DE_REGEN)",871,176,20.21,0.27924394607543945,0.1892859935760498
Munin,"I(L_MYAS_ADM_MUDENS,L_MYDY_ADM_DE_REGEN,L_LNLW_APB_MUDENS)",5,1,20.00,0.0025610923767089844,0.0031778812408447266
Munin,"I(R_MEDD2_ALLCV_WD,R_MED_DIFSLOW_EW,R_LNL_DIFFN_ADM_MUDENS)",766,76,9.92,0.23590087890625,0.12286615371704102
Munin,"I(L_ULND5_DISP_EED,L_ULN_RDLDDEL,L_MED_DIFSLOW_EW)",757,51,6.74,0.22808599472045898,0.10062313079833984
Munin,"I(R_DIFFN_MEDD2_SALOSS,R_MED_DCV_WA,L_DELT_NEUR_ACT)",779,78,10.01,0.23949599266052246,0.12245607376098633
Munin,"I(L_ULN_DCV_E,R_LNLLP_APB_DENERV,L_LNLE_ULN_TIME)",779,53,6.80,0.2314620018005371,0.09458494186401367
Munin,"I(L_ADM_ALLAMP_WA,L_MYOP_APB_MUSIZE,L_LNLT1_LP_BE_APB_MUSIZE)",852,171,20.07,0.26840996742248535,0.18939590454101562
Munin,"I(L_LNLW_ADM_NEUR_ACT,L_MYDY_ADM_DENERV,R_OTHER_ULND5_RD)",5,1,20.00,0.0023889541625976562,0.0021190643310546875
Munin,"I(L_DIFFN_MED_DIFSLOW,R_LNLT1_LP_APB_NEUR_ACT,L_MED_RDLDCV_EW)",713,14,1.96,0.2132890224456787,0.06027388572692871
Munin,"I(R_DIFFN_ADM_MUSIZE,L_APB_VOL_ACT,L_DIFFN_ADM_MUDENS)",712,15,2.11,0.2105729579925537,0.06907486915588379
Munin,"I(R_LNLW_ULND5_RD_WD,R_LNL_ISCH_SEV,R_APB_QUAL_MUPPOLY)",5,1,20.00,0.002864837646484375,0.025173187255859375
Munin,"I(R_DIFFN_LNLW_ADM_NEUR_ACT,R_LNLT1_LP_APB_NEUR_ACT,L_MYOP_APB_DENERV)",687,16,2.33,0.21328210830688477,0.05072593688964844
Munin,"I(L_ADM_REPSTIM_FACILI,L_MYOP_MYDY_ADM_DENERV,L_LNL_DIFFN_ADM_DENERV)",782,79,10.10,0.2383279800415039,0.12432003021240234
Munin,"I(R_SUR_AMP_CA,R_DIFFN_LNLW_ULND5_BLOCK_WD,L_DELT_QUAL_MUPPOLY)",739,95,12.86,0.23877787590026855,0.12132811546325684
Munin,"I(R_LNLPC5_DIFFN_DELT_MUSIZE,R_DE_REGEN_APB_NMT,L_LNLC8_LP_E_ADM_MALOSS)",798,89,11.15,0.24687409400939941,0.13608193397521973
Munin,"I(DIFFN_MOT_SEV,L_DIFFN_DELT_MUSIZE,L_SUR_ALLAMP_CA)",688,31,4.51,0.2141399383544922,0.07995009422302246
Munin,"I(L_DIFFN_LNLW_ADM_DENERV,L_LNLLP_APB_MALOSS,R_DELT_DE_REGEN)",716,25,3.49,0.21406888961791992,0.08394503593444824
Munin,"I(R_DIFFN_MED_BLOCK,R_ULND5_CV_WD,R_LNL_DIFFN_ADM_MALOSS)",842,113,13.42,0.2596719264984131,0.14027714729309082
Munin,"I(R_ULND5_ALLAMP_WD,L_MUSCLE_DELT_DENERV,R_LNLC8_LP_E_ADM_MALOSS)",883,165,18.69,0.27503299713134766,0.18079304695129395
Munin,"I(L_OTHER_ADM_DE_REGEN,R_DIFFN_LNLW_ULND5_SALOSS,R_ULN_AMPR_E)",35,1,2.86,0.015837907791137695,0.008616924285888672
Munin,"I(R_LNLC8_LP_ADM_MALOSS,R_DIFFN_MEDD2_SALOSS,L_ADM_MULOSS)",24,4,16.67,0.011709928512573242,0.017353057861328125
Munin,"I(R_DIFFN_MEDD2_SALOSS,L_LNLE_ULND5_RD_E,R_ULND5_RD_E)",705,12,1.70,0.2108299732208252,0.05432486534118652
Munin,"I(L_APB_FORCE,R_LNLT1_APB_DENERV,R_LNL_ISCH_PATHO)",834,155,18.59,0.25383520126342773,0.16776394844055176
Munin,"I(L_SUR_BLOCK_CA,R_ADM_MVA_AMP,L_ULND5_BLOCK_EW)",866,173,19.98,0.2839629650115967,0.18244409561157227
Munin,"I(L_APB_QUAN_MUPAMP,L_MUSCLE_DELT_MUDENS,L_MYDY_APB_MUDENS)",800,113,14.12,0.24859905242919922,0.14662504196166992
